CustomerID,Gender,Senior Citizen,Partner,Dependents,Tenure Months,Phone Service,Multiple Lines,Internet Service,Online Security,Online Backup,Device Protection,Tech Support,Streaming TV,Streaming Movies,Contract,Paperless Billing,Payment Method,Monthly Charges,Total Charges,CLTV,Tenure Group,Actual Churn,Churn Probability,Predicted Churn,Churn Probability %,Risk Level,Recommended Action
4376-KFVRS,Male,No,Yes,No,72,Yes,Yes,Fiber optic,Yes,Yes,Yes,Yes,Yes,Yes,Two year,Yes,Credit card (automatic),114.05,8468.2,4842,49+ Months,0,0.18403488050632028,0,18.4,Low Risk,Monitor
2754-SDJRD,Female,Yes,No,No,8,Yes,Yes,Fiber optic,No,No,No,Yes,Yes,Yes,Month-to-month,Yes,Credit card (automatic),100.15,908.55,5157,0-12 Months,0,0.8467756523178904,1,84.68,High Risk,Contract upgrade + Security offer
9917-KWRBE,Female,No,Yes,No,41,Yes,Yes,DSL,Yes,Yes,Yes,No,Yes,No,One year,Yes,Credit card (automatic),78.35,3211.2,2894,25-48 Months,0,0.23015935964855516,0,23.02,Low Risk,Monitor
0365-GXEZS,Male,No,Yes,No,18,Yes,No,Fiber optic,No,No,Yes,Yes,No,No,Month-to-month,No,Electronic check,78.2,1468.75,2831,13-24 Months,0,0.7201149197645997,1,72.01,High Risk,Contract upgrade + Security offer
9385-NXKDA,Female,No,Yes,No,72,Yes,Yes,DSL,Yes,Yes,Yes,No,Yes,Yes,Two year,Yes,Credit card (automatic),82.65,5919.35,4324,49+ Months,0,0.08359798030353587,0,8.36,Low Risk,Monitor
4686-UXDML,Female,No,No,No,21,Yes,Yes,Fiber optic,No,Yes,No,No,Yes,Yes,Month-to-month,Yes,Credit card (automatic),99.85,1992.55,2113,13-24 Months,0,0.808075374925322,1,80.81,High Risk,Contract upgrade + Security offer
2227-JRSJX,Female,No,No,No,21,Yes,No,Fiber optic,No,Yes,No,Yes,Yes,Yes,Month-to-month,Yes,Bank transfer (automatic),99.15,1956.4,5324,13-24 Months,0,0.713228539601548,1,71.32,High Risk,Contract upgrade + Security offer
4830-FAXFM,Male,No,No,Yes,19,Yes,Yes,No,No internet service,No internet service,No internet service,No internet service,No internet service,No internet service,Month-to-month,Yes,Credit card (automatic),24.1,439.2,2378,13-24 Months,0,0.10675423131485276,0,10.68,Low Risk,Monitor
1830-IPXVJ,Female,No,Yes,Yes,61,Yes,No,No,No internet service,No internet service,No internet service,No internet service,No internet service,No internet service,Two year,No,Credit card (automatic),19.75,1311.6,6108,49+ Months,0,0.003492830042849275,0,0.35,Low Risk,Monitor
4690-LLKUA,Male,Yes,No,No,17,Yes,No,DSL,No,No,No,No,No,No,Month-to-month,Yes,Electronic check,45.05,770.6,3797,13-24 Months,1,0.6504803030031356,1,65.05,High Risk,Contract upgrade + Security offer
5804-HYIEZ,Male,No,Yes,Yes,70,Yes,Yes,Fiber optic,Yes,Yes,No,No,Yes,Yes,Month-to-month,Yes,Electronic check,106.05,7554.05,4583,49+ Months,0,0.2621485790382416,0,26.21,Low Risk,Monitor
2388-LAESQ,Female,Yes,Yes,No,72,Yes,Yes,Fiber optic,Yes,Yes,Yes,Yes,Yes,Yes,Two year,Yes,Bank transfer (automatic),114.85,8317.95,4796,49+ Months,0,0.178831202335628,0,17.88,Low Risk,Monitor
5533-RJFTJ,Male,No,No,No,49,No,No phone service,DSL,No,No,Yes,No,No,No,Month-to-month,Yes,Bank transfer (automatic),30.2,1453.1,5214,49+ Months,0,0.32864733435961907,0,32.86,Low Risk,Monitor
4706-AXVKM,Female,Yes,No,No,11,Yes,Yes,Fiber optic,No,No,No,No,No,Yes,Month-to-month,Yes,Credit card (automatic),84.8,906.85,5118,0-12 Months,1,0.8473025802204636,1,84.73,High Risk,Contract upgrade + Security offer
0997-YTLNY,Female,No,No,Yes,19,Yes,No,DSL,No,No,No,Yes,No,No,Month-to-month,No,Mailed check,48.8,953.65,3749,13-24 Months,0,0.10605428244169599,0,10.61,Low Risk,Monitor
7971-HLVXI,Male,No,Yes,Yes,72,Yes,Yes,Fiber optic,No,No,No,No,No,Yes,Two year,Yes,Credit card (automatic),84.5,6130.85,6202,49+ Months,0,0.053810187802904884,0,5.38,Low Risk,Monitor
7337-CINUD,Female,No,Yes,Yes,8,Yes,No,No,No internet service,No internet service,No internet service,No internet service,No internet service,No internet service,Two year,No,Bank transfer (automatic),19.5,159.35,5206,0-12 Months,0,0.035154773115308846,0,3.52,Low Risk,Monitor
1379-FRVEB,Male,No,No,Yes,15,Yes,Yes,Fiber optic,No,Yes,No,No,Yes,No,Month-to-month,Yes,Electronic check,91.0,1430.05,4602,13-24 Months,0,0.5520179880256858,0,55.2,Medium Risk,Monitor
4753-PADAS,Female,No,Yes,No,67,Yes,Yes,Fiber optic,No,Yes,Yes,No,Yes,Yes,One year,Yes,Bank transfer (automatic),105.7,6816.95,5027,49+ Months,0,0.4294953261922881,0,42.95,Medium Risk,Monitor
5701-GUXDC,Female,No,Yes,No,26,No,No phone service,DSL,Yes,No,Yes,No,No,No,One year,No,Credit card (automatic),35.4,978.6,2519,25-48 Months,0,0.2681297753968419,0,26.81,Low Risk,Monitor
7235-NXZCP,Male,Yes,No,No,2,Yes,Yes,Fiber optic,No,No,No,No,No,No,Month-to-month,Yes,Mailed check,74.85,156.4,5378,0-12 Months,1,0.8627284196993724,1,86.27,High Risk,Contract upgrade + Security offer
0668-OGMHD,Female,No,Yes,No,21,No,No phone service,DSL,Yes,No,No,No,No,No,Month-to-month,No,Electronic check,28.5,629.35,3766,13-24 Months,0,0.6176140422572689,0,61.76,Medium Risk,Monitor
2812-REYAT,Female,No,Yes,No,49,Yes,No,No,No internet service,No internet service,No internet service,No internet service,No internet service,No internet service,One year,Yes,Bank transfer (automatic),20.05,923.1,5579,49+ Months,0,0.06990235336526368,0,6.99,Low Risk,Monitor
8779-YIQQA,Male,No,Yes,Yes,21,Yes,No,No,No internet service,No internet service,No internet service,No internet service,No internet service,No internet service,One year,No,Mailed check,19.8,350.1,3243,13-24 Months,0,0.03653612239707559,0,3.65,Low Risk,Monitor
9701-CDXHR,Female,No,Yes,No,51,Yes,No,Fiber optic,No,No,No,No,No,No,Month-to-month,No,Mailed check,69.15,3649.6,5187,49+ Months,0,0.46602991157395496,0,46.6,Medium Risk,Monitor
7130-CTCUS,Male,Yes,Yes,No,16,Yes,No,DSL,Yes,Yes,No,No,No,No,Month-to-month,Yes,Bank transfer (automatic),54.55,825.1,3324,13-24 Months,0,0.5079567273897609,0,50.8,Medium Risk,Monitor
1894-IGFSG,Female,No,No,No,22,Yes,No,Fiber optic,No,No,No,No,Yes,Yes,Month-to-month,No,Electronic check,89.25,1907.85,3161,13-24 Months,1,0.7989122332706511,1,79.89,High Risk,Contract upgrade + Security offer
0871-URUWO,Male,No,Yes,No,13,Yes,Yes,Fiber optic,No,No,Yes,No,Yes,Yes,Month-to-month,Yes,Credit card (automatic),102.25,1359.0,2003,13-24 Months,1,0.8838486359764667,1,88.38,High Risk,Contract upgrade + Security offer
0057-QBUQH,Female,No,No,Yes,43,Yes,Yes,No,No internet service,No internet service,No internet service,No internet service,No internet service,No internet service,Two year,Yes,Electronic check,25.1,1070.15,4797,25-48 Months,0,0.015367848323123162,0,1.54,Low Risk,Monitor
9611-CTWIH,Female,No,No,No,3,Yes,No,Fiber optic,No,No,No,No,Yes,Yes,Month-to-month,Yes,Electronic check,89.45,240.45,3591,0-12 Months,1,0.9062920472440891,1,90.63,High Risk,Contract upgrade + Security offer
8058-DMYRU,Male,Yes,No,No,54,Yes,Yes,Fiber optic,No,Yes,No,No,No,Yes,Month-to-month,Yes,Electronic check,90.05,4931.8,5232,49+ Months,0,0.6839243320143116,1,68.39,High Risk,Contract upgrade + Security offer
5351-QESIO,Male,No,No,Yes,1,No,No phone service,DSL,No,No,No,No,No,No,Month-to-month,No,Mailed check,24.2,24.2,4276,0-12 Months,0,0.3710370482856288,0,37.1,Low Risk,Monitor
4302-ZYFEL,Male,No,Yes,Yes,69,Yes,No,No,No internet service,No internet service,No internet service,No internet service,No internet service,No internet service,One year,Yes,Credit card (automatic),20.55,1403.1,5366,49+ Months,0,0.006113697384088753,0,0.61,Low Risk,Monitor
6134-KWTBV,Male,No,No,No,62,Yes,Yes,No,No internet service,No internet service,No internet service,No internet service,No internet service,No internet service,Two year,No,Bank transfer (automatic),23.4,1429.65,5822,49+ Months,0,0.017697526307666543,0,1.77,Low Risk,Monitor
2034-GDRCN,Female,No,No,No,2,Yes,No,Fiber optic,No,No,No,No,Yes,Yes,Month-to-month,Yes,Electronic check,90.4,168.2,4157,0-12 Months,1,0.9085579637863911,1,90.86,High Risk,Contract upgrade + Security offer
9544-PYPSJ,Female,Yes,Yes,Yes,62,Yes,Yes,Fiber optic,No,Yes,Yes,No,No,Yes,Month-to-month,Yes,Credit card (automatic),96.1,6019.35,5868,49+ Months,0,0.2249357877562807,0,22.49,Low Risk,Monitor
4208-UFFGW,Male,Yes,No,No,2,Yes,No,DSL,No,No,No,No,No,No,Month-to-month,No,Mailed check,44.95,85.15,5900,0-12 Months,1,0.6386838044695571,1,63.87,High Risk,Contract upgrade + Security offer
9537-JALFH,Male,No,Yes,Yes,69,Yes,No,No,No internet service,No internet service,No internet service,No internet service,No internet service,No internet service,Two year,No,Bank transfer (automatic),19.9,1356.7,6058,49+ Months,0,0.002469140651814622,0,0.25,Low Risk,Monitor
4415-IJZTP,Female,No,No,No,1,Yes,Yes,Fiber optic,No,No,No,No,No,No,Month-to-month,Yes,Electronic check,74.5,74.5,2016,0-12 Months,1,0.8924869480221903,1,89.25,High Risk,Contract upgrade + Security offer
4701-MLJPN,Male,No,No,No,31,Yes,No,DSL,No,No,Yes,Yes,No,No,Month-to-month,Yes,Electronic check,55.25,1715.65,2933,25-48 Months,1,0.4198526359256521,0,41.99,Medium Risk,Monitor
7515-LODFU,Male,Yes,No,No,69,Yes,No,No,No internet service,No internet service,No internet service,No internet service,No internet service,No internet service,Two year,No,Credit card (automatic),20.3,1356.3,4042,49+ Months,0,0.009210584213740242,0,0.92,Low Risk,Monitor
4927-WWOOZ,Male,No,Yes,No,2,Yes,Yes,Fiber optic,No,No,Yes,No,Yes,No,Month-to-month,Yes,Electronic check,91.45,171.45,4889,0-12 Months,0,0.9279903365416273,1,92.8,High Risk,Contract upgrade + Security offer
4067-HLYQI,Female,No,No,No,33,Yes,No,Fiber optic,No,No,No,No,No,No,Month-to-month,Yes,Bank transfer (automatic),70.4,2406.1,4860,25-48 Months,0,0.611058876359027,0,61.11,Medium Risk,Monitor
6184-DYUOB,Female,No,Yes,No,3,Yes,No,No,No internet service,No internet service,No internet service,No internet service,No internet service,No internet service,Month-to-month,Yes,Mailed check,19.6,55.25,2941,0-12 Months,0,0.5628512932969792,0,56.29,Medium Risk,Monitor
9209-NWPGU,Male,No,No,No,44,Yes,No,DSL,Yes,No,No,Yes,Yes,No,One year,No,Electronic check,65.4,2774.55,5827,25-48 Months,0,0.1298949489470341,0,12.99,Low Risk,Monitor
9851-KIELU,Male,No,No,No,10,Yes,No,Fiber optic,Yes,Yes,Yes,Yes,Yes,Yes,Month-to-month,Yes,Electronic check,110.1,1043.3,5803,0-12 Months,1,0.7698414321740775,1,76.98,High Risk,Contract upgrade + Payment review
3199-XGZCY,Female,No,No,No,8,Yes,Yes,Fiber optic,No,No,No,No,No,No,Month-to-month,Yes,Electronic check,75.25,576.7,2332,0-12 Months,0,0.8671297490478662,1,86.71,High Risk,Contract upgrade + Security offer
4226-KKDON,Male,No,No,No,8,Yes,No,DSL,No,Yes,No,Yes,Yes,No,Month-to-month,Yes,Electronic check,66.65,520.95,3804,0-12 Months,0,0.6595513965563528,1,65.96,High Risk,Contract upgrade + Security offer
1085-LDWAM,Female,No,Yes,Yes,69,Yes,No,No,No internet service,No internet service,No internet service,No internet service,No internet service,No internet service,One year,Yes,Credit card (automatic),20.35,1442.65,5188,49+ Months,0,0.006008060676794472,0,0.6,Low Risk,Monitor
6825-UYPFK,Female,No,No,No,23,Yes,Yes,Fiber optic,No,No,No,No,No,No,Month-to-month,No,Bank transfer (automatic),75.6,1758.6,2115,13-24 Months,1,0.6629729308595685,1,66.3,High Risk,Contract upgrade + Security offer
1767-CJKBA,Male,No,No,No,66,Yes,Yes,No,No internet service,No internet service,No internet service,No internet service,No internet service,No internet service,Two year,No,Mailed check,25.1,1697.7,6025,49+ Months,0,0.015566377778189646,0,1.56,Low Risk,Monitor
7181-BQYBV,Female,No,Yes,No,1,Yes,Yes,Fiber optic,Yes,No,Yes,No,Yes,Yes,Month-to-month,Yes,Electronic check,102.45,102.45,4811,0-12 Months,1,0.922079070424295,1,92.21,High Risk,Contract upgrade + Tech Support
0178-CIIKR,Female,No,No,No,3,Yes,No,No,No internet service,No internet service,No internet service,No internet service,No internet service,No internet service,Month-to-month,No,Mailed check,19.95,58.0,5949,0-12 Months,0,0.4275980325996919,0,42.76,Medium Risk,Monitor
4256-ZWTZI,Female,No,No,Yes,5,Yes,No,DSL,No,No,No,Yes,No,No,Month-to-month,Yes,Mailed check,51.0,286.8,2789,0-12 Months,0,0.2089152662812927,0,20.89,Low Risk,Monitor
9537-VHDTA,Female,No,No,Yes,1,Yes,No,DSL,Yes,No,No,No,No,No,Month-to-month,No,Mailed check,51.2,51.2,3699,0-12 Months,0,0.1780035758046238,0,17.8,Low Risk,Monitor
2754-XBHTB,Female,No,No,No,9,Yes,No,Fiber optic,No,No,No,No,Yes,No,Month-to-month,Yes,Bank transfer (automatic),77.65,714.15,3847,0-12 Months,1,0.816794156893418,1,81.68,High Risk,Contract upgrade + Security offer
5975-BAICR,Male,No,Yes,Yes,36,Yes,No,DSL,Yes,No,Yes,No,No,Yes,One year,Yes,Credit card (automatic),63.7,2188.5,2504,25-48 Months,0,0.05726603638464028,0,5.73,Low Risk,Monitor
3301-VKTGC,Male,No,Yes,Yes,68,Yes,Yes,Fiber optic,Yes,Yes,No,No,No,No,One year,Yes,Bank transfer (automatic),85.5,5696.6,4380,49+ Months,0,0.04964529875354022,0,4.96,Low Risk,Monitor
2877-VDUER,Female,No,Yes,Yes,35,No,No phone service,DSL,No,No,No,Yes,Yes,No,One year,No,Mailed check,40.9,1383.6,5691,25-48 Months,0,0.07039940667472037,0,7.04,Low Risk,Monitor
7717-BICXI,Male,No,Yes,Yes,60,Yes,No,No,No internet service,No internet service,No internet service,No internet service,No internet service,No internet service,Two year,No,Mailed check,20.55,1205.05,4020,49+ Months,0,0.003642930162376302,0,0.36,Low Risk,Monitor
0562-FGDCR,Female,No,Yes,Yes,72,Yes,Yes,DSL,Yes,Yes,No,Yes,Yes,No,Two year,No,Mailed check,74.55,5430.65,4703,49+ Months,0,0.007043952494699633,0,0.7,Low Risk,Monitor
3705-PSNGL,Male,No,No,No,45,Yes,No,No,No internet service,No internet service,No internet service,No internet service,No internet service,No internet service,One year,Yes,Electronic check,20.4,930.45,5398,25-48 Months,1,0.09460164990610369,0,9.46,Low Risk,Monitor
0048-LUMLS,Male,No,Yes,Yes,37,Yes,No,Fiber optic,No,No,No,No,Yes,Yes,One year,No,Credit card (automatic),91.2,3247.55,5263,25-48 Months,0,0.17136077459638083,0,17.14,Low Risk,Monitor
6497-TILVL,Female,No,Yes,Yes,7,Yes,No,DSL,Yes,No,No,No,No,No,Month-to-month,No,Mailed check,50.7,350.35,3097,0-12 Months,0,0.18500016248617374,0,18.5,Low Risk,Monitor
2108-YKQTY,Female,No,No,No,4,Yes,No,DSL,No,Yes,No,No,No,No,Month-to-month,No,Credit card (automatic),50.7,151.3,4930,0-12 Months,1,0.5526288376380143,0,55.26,Medium Risk,Monitor
3658-KIBGF,Female,No,No,No,1,Yes,No,DSL,Yes,Yes,No,No,No,No,Month-to-month,Yes,Electronic check,54.9,54.9,2833,0-12 Months,1,0.655532190854035,1,65.55,High Risk,Contract upgrade + Tech Support
5482-NUPNA,Female,No,No,No,4,Yes,No,DSL,Yes,Yes,No,Yes,No,No,Month-to-month,Yes,Mailed check,60.4,272.15,5730,0-12 Months,1,0.4695058466686029,0,46.95,Medium Risk,Monitor
7410-KTVFV,Male,No,Yes,No,18,Yes,No,DSL,No,No,Yes,No,No,No,Month-to-month,Yes,Mailed check,49.55,878.35,2815,13-24 Months,1,0.6014666608938513,0,60.15,Medium Risk,Monitor
9033-EOXWV,Female,No,No,No,12,Yes,Yes,DSL,No,No,No,Yes,Yes,Yes,One year,No,Mailed check,74.05,872.65,4149,0-12 Months,1,0.43182552751387726,0,43.18,Medium Risk,Monitor
8821-XNHVZ,Female,No,Yes,No,1,Yes,No,Fiber optic,No,No,No,No,Yes,No,Month-to-month,Yes,Mailed check,80.05,80.05,2943,0-12 Months,1,0.8807137159193117,1,88.07,High Risk,Contract upgrade + Security offer
8224-KDLKN,Male,No,Yes,Yes,72,Yes,Yes,No,No internet service,No internet service,No internet service,No internet service,No internet service,No internet service,Two year,No,Bank transfer (automatic),25.0,1738.9,4275,49+ Months,0,0.002872687422918669,0,0.29,Low Risk,Monitor
4825-FUREZ,Male,No,Yes,No,42,Yes,No,No,No internet service,No internet service,No internet service,No internet service,No internet service,No internet service,Two year,No,Electronic check,20.25,835.5,5940,25-48 Months,0,0.05853995494866281,0,5.85,Low Risk,Monitor
7534-BFESC,Male,Yes,No,No,24,Yes,Yes,Fiber optic,No,No,No,No,No,No,Month-to-month,Yes,Electronic check,76.1,1712.7,2018,13-24 Months,1,0.7979316123711593,1,79.79,High Risk,Contract upgrade + Security offer
9138-EFSMO,Male,No,Yes,Yes,26,Yes,No,Fiber optic,No,No,No,No,No,Yes,One year,No,Bank transfer (automatic),78.95,2034.25,4237,25-48 Months,0,0.18585830352932486,0,18.59,Low Risk,Monitor
4227-OJHAL,Female,No,Yes,Yes,68,Yes,Yes,DSL,Yes,Yes,Yes,No,Yes,No,One year,Yes,Credit card (automatic),73.0,5163.0,4156,49+ Months,0,0.02625345236303851,0,2.63,Low Risk,Monitor
7279-NMVJC,Female,No,No,No,17,Yes,No,No,No internet service,No internet service,No internet service,No internet service,No internet service,No internet service,One year,No,Bank transfer (automatic),19.9,323.15,2093,13-24 Months,0,0.1401838849784879,0,14.02,Low Risk,Monitor
8591-TKMZH,Male,No,Yes,Yes,59,Yes,Yes,Fiber optic,Yes,Yes,No,Yes,Yes,Yes,Two year,Yes,Mailed check,111.1,6555.2,4952,49+ Months,0,0.05590996493620277,0,5.59,Low Risk,Monitor
9283-LZQOH,Male,No,Yes,No,13,Yes,Yes,Fiber optic,No,No,No,No,No,No,Month-to-month,Yes,Credit card (automatic),74.4,896.75,3687,13-24 Months,1,0.8377850657046524,1,83.78,High Risk,Contract upgrade + Security offer
3594-IVHJZ,Female,No,No,No,2,Yes,No,No,No internet service,No internet service,No internet service,No internet service,No internet service,No internet service,Month-to-month,Yes,Mailed check,20.45,42.45,2606,0-12 Months,0,0.4997423510064306,0,49.97,Medium Risk,Monitor
1945-XISKS,Female,No,Yes,No,67,Yes,No,No,No internet service,No internet service,No internet service,No internet service,No internet service,No internet service,Two year,No,Mailed check,19.65,1335.2,4994,49+ Months,0,0.013568955508887167,0,1.36,Low Risk,Monitor
4359-INNWN,Female,No,No,No,17,Yes,No,No,No internet service,No internet service,No internet service,No internet service,No internet service,No internet service,One year,No,Credit card (automatic),20.05,337.9,4828,13-24 Months,0,0.14532203804660654,0,14.53,Low Risk,Monitor
7649-SIJJF,Male,No,Yes,No,71,Yes,Yes,DSL,Yes,Yes,Yes,Yes,No,Yes,Two year,Yes,Mailed check,80.1,5585.4,6045,49+ Months,0,0.05127122723616573,0,5.13,Low Risk,Monitor
9254-RBFON,Female,No,Yes,No,17,Yes,No,Fiber optic,No,No,Yes,Yes,Yes,Yes,One year,No,Bank transfer (automatic),98.6,1704.95,5160,13-24 Months,1,0.5769156404145193,0,57.69,Medium Risk,Monitor
0970-ETWGE,Male,No,No,No,1,Yes,No,Fiber optic,No,No,No,No,Yes,Yes,Month-to-month,Yes,Electronic check,89.55,89.55,4996,0-12 Months,1,0.9157360642136857,1,91.57,High Risk,Contract upgrade + Security offer
7762-ONLJY,Female,No,Yes,Yes,6,Yes,No,No,No internet service,No internet service,No internet service,No internet service,No internet service,No internet service,One year,No,Mailed check,19.7,94.45,4122,0-12 Months,0,0.06905097714377391,0,6.91,Low Risk,Monitor
6710-HSJRD,Male,No,Yes,No,61,Yes,Yes,Fiber optic,No,Yes,Yes,Yes,Yes,Yes,Month-to-month,Yes,Electronic check,114.1,7132.15,5239,49+ Months,0,0.7060346842991463,1,70.6,High Risk,Contract upgrade + Security offer
8873-GLDMH,Female,No,No,No,6,Yes,Yes,Fiber optic,No,No,No,No,No,No,Month-to-month,Yes,Mailed check,73.85,401.3,4220,0-12 Months,0,0.8371229604115352,1,83.71,High Risk,Contract upgrade + Security offer
9907-SWKKF,Female,Yes,No,No,1,No,No phone service,DSL,No,No,No,No,No,No,Month-to-month,No,Mailed check,25.05,25.05,4842,0-12 Months,1,0.7503388479637164,1,75.03,High Risk,Contract upgrade + Security offer
4658-HCOHW,Female,No,Yes,No,21,Yes,No,Fiber optic,No,Yes,Yes,Yes,Yes,Yes,Month-to-month,Yes,Electronic check,102.8,2110.15,3123,13-24 Months,1,0.8226387299447461,1,82.26,High Risk,Contract upgrade + Security offer
9330-VOFSZ,Female,No,Yes,No,60,Yes,Yes,Fiber optic,No,Yes,Yes,Yes,Yes,Yes,Two year,Yes,Credit card (automatic),110.8,6640.7,5942,49+ Months,0,0.279720335046134,0,27.97,Low Risk,Monitor
2860-RANUS,Female,Yes,No,No,20,Yes,Yes,Fiber optic,No,No,No,No,No,Yes,Month-to-month,Yes,Credit card (automatic),85.8,1727.5,3336,13-24 Months,1,0.8021234588526375,1,80.21,High Risk,Contract upgrade + Security offer
6234-PFPXL,Male,No,Yes,No,22,Yes,Yes,Fiber optic,Yes,No,No,Yes,Yes,No,Month-to-month,No,Credit card (automatic),95.9,2234.95,3207,13-24 Months,0,0.6459853325714492,1,64.6,High Risk,Offer contract upgrade
7205-BAIAD,Female,No,No,No,40,Yes,No,No,No internet service,No internet service,No internet service,No internet service,No internet service,No internet service,Two year,Yes,Bank transfer (automatic),20.6,827.3,3091,25-48 Months,0,0.04218748871131768,0,4.22,Low Risk,Monitor
3858-VOBET,Male,No,No,No,23,Yes,Yes,Fiber optic,No,No,No,No,No,No,Month-to-month,Yes,Electronic check,74.95,1710.45,5897,13-24 Months,1,0.8159553528089671,1,81.6,High Risk,Contract upgrade + Security offer
5103-MHMHY,Female,No,No,Yes,1,Yes,No,DSL,No,No,No,No,No,No,Month-to-month,No,Mailed check,45.95,45.95,4563,0-12 Months,1,0.24623063250211305,0,24.62,Low Risk,Monitor
6119-SPUDB,Male,No,No,No,46,No,No phone service,DSL,Yes,No,Yes,Yes,No,No,Two year,No,Mailed check,38.25,1755.35,2653,25-48 Months,0,0.04972864446070679,0,4.97,Low Risk,Monitor
9389-ACWBI,Female,No,Yes,Yes,5,Yes,No,Fiber optic,No,No,No,No,No,No,Month-to-month,No,Credit card (automatic),69.95,320.4,3850,0-12 Months,0,0.41924203067948934,0,41.92,Medium Risk,Monitor
3454-JFUBC,Male,Yes,No,No,68,Yes,No,No,No internet service,No internet service,No internet service,No internet service,No internet service,No internet service,Two year,Yes,Credit card (automatic),20.0,1396.0,6136,49+ Months,0,0.013976296924760137,0,1.4,Low Risk,Monitor
1768-ZAIFU,Female,Yes,No,No,1,No,No phone service,DSL,No,No,No,No,No,No,Month-to-month,Yes,Electronic check,25.2,25.2,5688,0-12 Months,1,0.8572500379900287,1,85.73,High Risk,Contract upgrade + Security offer
7017-VFULY,Female,No,Yes,No,2,Yes,No,No,No internet service,No internet service,No internet service,No internet service,No internet service,No internet service,Month-to-month,No,Bank transfer (automatic),20.1,43.15,4158,0-12 Months,0,0.49034836284887495,0,49.03,Medium Risk,Monitor
9221-OTIVJ,Female,Yes,No,No,14,Yes,Yes,Fiber optic,No,Yes,Yes,No,Yes,Yes,Month-to-month,Yes,Electronic check,104.85,1531.4,2292,13-24 Months,1,0.8861558672853577,1,88.62,High Risk,Contract upgrade + Security offer
2482-CZGBB,Male,No,No,No,10,Yes,No,Fiber optic,No,No,No,No,No,No,Month-to-month,Yes,Electronic check,70.0,740.0,3156,0-12 Months,1,0.8332416800160088,1,83.32,High Risk,Contract upgrade + Security offer
7018-WBJNK,Male,No,No,Yes,13,Yes,No,Fiber optic,No,No,No,No,Yes,No,Month-to-month,Yes,Credit card (automatic),78.3,1033.95,5566,13-24 Months,0,0.44389146320939055,0,44.39,Medium Risk,Monitor
3331-HQDTW,Female,No,No,No,34,Yes,Yes,Fiber optic,Yes,Yes,Yes,No,Yes,Yes,Month-to-month,Yes,Mailed check,109.8,3587.25,3410,25-48 Months,1,0.6823006401896773,1,68.23,High Risk,Contract upgrade + Tech Support
4695-VADHF,Male,No,Yes,No,18,Yes,No,DSL,No,No,Yes,No,No,Yes,Month-to-month,No,Electronic check,57.45,990.85,2989,13-24 Months,1,0.6784336376928214,1,67.84,High Risk,Contract upgrade + Security offer
4086-WITJG,Male,No,Yes,Yes,71,Yes,No,No,No internet service,No internet service,No internet service,No internet service,No internet service,No internet service,Two year,No,Credit card (automatic),19.7,1301.1,4808,49+ Months,0,0.0021436292229548683,0,0.21,Low Risk,Monitor
6297-NOOPG,Female,No,Yes,No,70,Yes,Yes,Fiber optic,No,Yes,Yes,Yes,Yes,Yes,Two year,Yes,Electronic check,110.5,7752.05,5979,49+ Months,0,0.31388757360317754,0,31.39,Low Risk,Monitor
8777-PVYGU,Female,No,Yes,No,52,Yes,No,DSL,Yes,No,Yes,No,Yes,No,One year,Yes,Mailed check,64.3,3410.6,4405,49+ Months,0,0.15929246743343142,0,15.93,Low Risk,Monitor
4378-MYPGO,Male,No,Yes,Yes,68,Yes,No,Fiber optic,Yes,Yes,Yes,No,Yes,Yes,Two year,Yes,Bank transfer (automatic),105.25,7173.15,5795,49+ Months,0,0.04322611586396159,0,4.32,Low Risk,Monitor
9313-CDOGY,Male,No,Yes,Yes,38,Yes,No,No,No internet service,No internet service,No internet service,No internet service,No internet service,No internet service,Month-to-month,No,Electronic check,19.6,717.3,3854,25-48 Months,0,0.0541082715157986,0,5.41,Low Risk,Monitor
4121-AGSIN,Female,No,Yes,No,58,Yes,Yes,No,No internet service,No internet service,No internet service,No internet service,No internet service,No internet service,One year,Yes,Credit card (automatic),24.5,1497.9,4455,49+ Months,0,0.06447089716531033,0,6.45,Low Risk,Monitor
0432-CAJZV,Male,No,No,No,3,Yes,No,Fiber optic,No,No,No,No,Yes,Yes,Month-to-month,No,Mailed check,90.7,237.65,3953,0-12 Months,0,0.8321236852528222,1,83.21,High Risk,Contract upgrade + Security offer
9097-ZUBYC,Male,No,Yes,No,14,Yes,No,DSL,No,No,No,Yes,No,No,Month-to-month,No,Bank transfer (automatic),48.8,664.4,2168,13-24 Months,0,0.4802645269453822,0,48.03,Medium Risk,Monitor
9638-JIQYA,Male,No,No,No,2,No,No phone service,DSL,No,No,No,No,No,No,Month-to-month,Yes,Credit card (automatic),24.9,49.7,4033,0-12 Months,0,0.7884851582278103,1,78.85,High Risk,Contract upgrade + Security offer
1024-GUALD,Female,No,Yes,No,1,No,No phone service,DSL,No,No,No,No,No,No,Month-to-month,Yes,Electronic check,24.8,24.8,4851,0-12 Months,1,0.8842840690500822,1,88.43,High Risk,Contract upgrade + Security offer
8024-XNAFQ,Female,Yes,No,No,72,Yes,Yes,Fiber optic,Yes,Yes,Yes,Yes,No,Yes,Two year,Yes,Bank transfer (automatic),107.4,7748.75,5294,49+ Months,0,0.10248087341029452,0,10.25,Low Risk,Monitor
7587-RZNME,Male,No,No,No,3,Yes,No,DSL,No,No,No,No,No,No,Month-to-month,Yes,Electronic check,43.3,123.65,4849,0-12 Months,1,0.766569459786736,1,76.66,High Risk,Contract upgrade + Security offer
1346-UFHAX,Female,No,No,No,13,Yes,Yes,Fiber optic,Yes,No,No,No,No,No,Month-to-month,Yes,Credit card (automatic),80.0,1029.35,5577,13-24 Months,0,0.7312046273023927,1,73.12,High Risk,Contract upgrade + Tech Support
6374-NTQLP,Male,Yes,Yes,Yes,72,Yes,No,Fiber optic,Yes,No,Yes,Yes,Yes,Yes,Two year,Yes,Credit card (automatic),104.1,7447.7,5092,49+ Months,0,0.03172736020686679,0,3.17,Low Risk,Monitor
6625-FLENO,Male,No,Yes,No,58,Yes,No,No,No internet service,No internet service,No internet service,No internet service,No internet service,No internet service,Two year,No,Mailed check,20.75,1185.95,4927,49+ Months,0,0.020370052002851132,0,2.04,Low Risk,Monitor
7375-WMVMT,Male,Yes,Yes,No,71,Yes,No,Fiber optic,No,Yes,Yes,Yes,No,Yes,Two year,Yes,Credit card (automatic),95.5,6707.15,6412,49+ Months,0,0.13477839369301362,0,13.48,Low Risk,Monitor
6910-HADCM,Female,No,No,No,1,Yes,No,Fiber optic,No,No,Yes,No,No,No,Month-to-month,No,Electronic check,76.35,76.35,5613,0-12 Months,1,0.8203466120858225,1,82.03,High Risk,Contract upgrade + Security offer
7401-JIXNM,Female,No,Yes,No,54,Yes,Yes,DSL,Yes,Yes,Yes,Yes,Yes,Yes,Two year,No,Credit card (automatic),91.3,4965.0,5907,49+ Months,0,0.08106209335644464,0,8.11,Low Risk,Monitor
7338-ERIVA,Male,No,No,No,39,No,No phone service,DSL,Yes,No,No,Yes,Yes,No,One year,No,Bank transfer (automatic),45.05,1790.6,4003,25-48 Months,0,0.14795193224619335,0,14.8,Low Risk,Monitor
5376-DEQCP,Female,No,No,No,1,Yes,No,Fiber optic,No,No,No,No,No,No,Month-to-month,Yes,Electronic check,70.6,70.6,4063,0-12 Months,1,0.8680352251477561,1,86.8,High Risk,Contract upgrade + Security offer
0909-SELIE,Male,No,Yes,No,61,Yes,Yes,DSL,Yes,Yes,Yes,Yes,No,Yes,Two year,Yes,Bank transfer (automatic),80.8,4860.85,4302,49+ Months,0,0.06499277492561123,0,6.5,Low Risk,Monitor
5419-KLXBN,Female,No,Yes,No,25,Yes,No,Fiber optic,No,Yes,Yes,No,Yes,No,Month-to-month,Yes,Bank transfer (automatic),89.15,2257.75,5853,25-48 Months,1,0.7559108854190765,1,75.59,High Risk,Contract upgrade + Security offer
0365-TRTPY,Female,No,No,No,37,Yes,Yes,Fiber optic,Yes,Yes,Yes,No,No,No,Month-to-month,No,Bank transfer (automatic),91.2,3382.3,5135,25-48 Months,0,0.4486901589201871,0,44.87,Medium Risk,Monitor
6712-OAWRH,Female,Yes,No,No,26,Yes,No,Fiber optic,No,No,No,No,Yes,Yes,Month-to-month,Yes,Electronic check,91.25,2351.8,5154,25-48 Months,1,0.836097148361525,1,83.61,High Risk,Contract upgrade + Security offer
2428-ZMCTB,Male,No,No,No,10,Yes,No,No,No internet service,No internet service,No internet service,No internet service,No internet service,No internet service,Month-to-month,No,Credit card (automatic),19.75,208.25,3926,0-12 Months,0,0.34177784085543156,0,34.18,Low Risk,Monitor
1963-VAUKV,Female,No,No,No,1,Yes,No,No,No internet service,No internet service,No internet service,No internet service,No internet service,No internet service,Month-to-month,No,Mailed check,20.4,20.4,3663,0-12 Months,1,0.4368120675896046,0,43.68,Medium Risk,Monitor
9381-NDKME,Female,Yes,Yes,No,24,No,No phone service,DSL,No,No,Yes,No,No,Yes,Month-to-month,Yes,Credit card (automatic),40.65,933.3,3843,13-24 Months,1,0.702228536355708,1,70.22,High Risk,Contract upgrade + Security offer
3729-OWRVL,Male,Yes,No,No,65,Yes,Yes,Fiber optic,Yes,No,Yes,Yes,Yes,Yes,Two year,Yes,Electronic check,110.35,7246.15,4295,49+ Months,0,0.24072802117339145,0,24.07,Low Risk,Monitor
0895-LMRSF,Male,No,No,No,23,Yes,No,DSL,No,No,No,No,Yes,Yes,One year,Yes,Bank transfer (automatic),64.9,1509.8,3314,13-24 Months,0,0.4273179083707923,0,42.73,Medium Risk,Monitor
2676-SSLTO,Male,No,No,No,49,Yes,Yes,DSL,No,No,No,Yes,Yes,No,Two year,Yes,Bank transfer (automatic),66.15,3199.0,6138,49+ Months,0,0.10790985503734576,0,10.79,Low Risk,Monitor
8495-PRWFH,Female,Yes,No,No,42,Yes,Yes,DSL,No,No,Yes,No,No,No,Month-to-month,No,Electronic check,55.65,2421.75,5831,25-48 Months,0,0.4081344359580054,0,40.81,Medium Risk,Monitor
9030-QGZNL,Female,No,No,No,8,Yes,No,No,No internet service,No internet service,No internet service,No internet service,No internet service,No internet service,Two year,No,Mailed check,20.85,161.65,4249,0-12 Months,0,0.12255985531353922,0,12.26,Low Risk,Monitor
9972-NKTFD,Female,No,No,No,28,Yes,No,DSL,No,Yes,No,Yes,No,No,Month-to-month,No,Bank transfer (automatic),54.65,1517.5,3185,25-48 Months,0,0.2646641049089589,0,26.47,Low Risk,Monitor
7998-WNZEM,Male,No,No,No,71,Yes,Yes,DSL,Yes,Yes,Yes,Yes,No,Yes,Two year,No,Bank transfer (automatic),80.6,5708.2,5447,49+ Months,0,0.028140449100788563,0,2.81,Low Risk,Monitor
0979-PHULV,Male,No,Yes,No,69,Yes,Yes,Fiber optic,No,No,Yes,No,Yes,Yes,Month-to-month,Yes,Credit card (automatic),99.45,7007.6,4020,49+ Months,1,0.6477256424153749,1,64.77,High Risk,Contract upgrade + Security offer
6445-TNRXS,Male,No,Yes,Yes,68,Yes,Yes,Fiber optic,Yes,Yes,Yes,Yes,Yes,Yes,Two year,Yes,Bank transfer (automatic),114.7,7849.85,5671,49+ Months,0,0.045502991979787404,0,4.55,Low Risk,Monitor
9586-JGQKH,Female,No,Yes,No,64,Yes,Yes,Fiber optic,No,Yes,No,Yes,Yes,Yes,Two year,Yes,Bank transfer (automatic),105.4,6794.75,4512,49+ Months,0,0.25863506303637385,0,25.86,Low Risk,Monitor
3966-HRMZA,Female,Yes,No,No,3,Yes,No,Fiber optic,No,No,Yes,No,No,No,Month-to-month,No,Mailed check,75.05,202.9,3545,0-12 Months,0,0.7502656788886123,1,75.03,High Risk,Contract upgrade + Security offer
5498-IBWPI,Female,No,Yes,Yes,66,Yes,No,DSL,No,No,No,Yes,No,No,One year,Yes,Credit card (automatic),49.4,3251.85,5232,49+ Months,0,0.015530584983895937,0,1.55,Low Risk,Monitor
6823-SIDFQ,Male,No,No,No,28,Yes,No,No,No internet service,No internet service,No internet service,No internet service,No internet service,No internet service,One year,No,Credit card (automatic),18.25,534.7,5327,25-48 Months,0,0.09985006007169422,0,9.99,Low Risk,Monitor
2323-ARSVR,Male,No,Yes,No,67,Yes,No,Fiber optic,Yes,Yes,Yes,Yes,Yes,Yes,Two year,Yes,Electronic check,111.05,7321.05,6103,49+ Months,0,0.20540029097770957,0,20.54,Low Risk,Monitor
5468-BPMMO,Male,No,Yes,No,46,Yes,No,No,No internet service,No internet service,No internet service,No internet service,No internet service,No internet service,Month-to-month,No,Electronic check,19.6,851.2,5092,25-48 Months,0,0.172349535431442,0,17.23,Low Risk,Monitor
0486-HECZI,Male,No,Yes,Yes,55,Yes,Yes,Fiber optic,Yes,Yes,No,No,Yes,No,Month-to-month,Yes,Electronic check,96.75,5238.9,5154,49+ Months,1,0.2621965493990923,0,26.22,Low Risk,Monitor
2178-PMGCJ,Male,No,No,No,22,Yes,No,Fiber optic,No,No,No,No,No,No,Month-to-month,Yes,Mailed check,69.7,1490.4,4838,13-24 Months,0,0.7032250770175379,1,70.32,High Risk,Contract upgrade + Security offer
4660-IRIBM,Male,No,Yes,Yes,18,Yes,No,Fiber optic,Yes,No,Yes,No,Yes,No,Month-to-month,Yes,Mailed check,87.9,1500.5,5192,13-24 Months,0,0.37738709319523983,0,37.74,Low Risk,Monitor
9674-EHPPG,Male,No,Yes,No,46,No,No phone service,DSL,Yes,No,Yes,Yes,No,No,Two year,No,Credit card (automatic),40.4,1842.7,2519,25-48 Months,0,0.060703593483007245,0,6.07,Low Risk,Monitor
5606-AMZBO,Female,No,Yes,No,10,Yes,Yes,Fiber optic,Yes,No,No,No,No,No,Month-to-month,Yes,Credit card (automatic),78.15,765.15,3403,0-12 Months,0,0.7956966395040059,1,79.57,High Risk,Contract upgrade + Tech Support
0665-XHDJU,Male,No,Yes,No,72,Yes,Yes,Fiber optic,No,Yes,No,No,Yes,Yes,Two year,Yes,Electronic check,99.4,7285.7,6022,49+ Months,0,0.37339531545787447,0,37.34,Low Risk,Monitor
5402-HTOTQ,Male,No,No,No,16,Yes,Yes,DSL,No,Yes,No,No,No,No,Month-to-month,No,Electronic check,55.3,875.35,3771,13-24 Months,0,0.6104897481202036,0,61.05,Medium Risk,Monitor
8258-GSTJK,Male,Yes,No,No,3,Yes,Yes,Fiber optic,No,No,No,No,No,No,Month-to-month,Yes,Electronic check,77.0,237.75,3128,0-12 Months,1,0.8894297751200662,1,88.94,High Risk,Contract upgrade + Security offer
3787-TRIAL,Male,No,Yes,Yes,21,No,No phone service,DSL,No,No,No,No,No,No,Month-to-month,Yes,Electronic check,26.05,565.75,4302,13-24 Months,0,0.38585736924036806,0,38.59,Low Risk,Monitor
6175-IRFIT,Male,No,No,No,5,Yes,No,Fiber optic,No,No,No,No,No,Yes,Month-to-month,No,Mailed check,78.75,426.35,2610,0-12 Months,0,0.7935098638050034,1,79.35,High Risk,Contract upgrade + Security offer
6317-YPKDH,Female,No,No,No,1,No,No phone service,DSL,No,Yes,No,No,No,No,Month-to-month,No,Bank transfer (automatic),29.95,29.95,4534,0-12 Months,1,0.7093482296956404,1,70.93,High Risk,Contract upgrade + Security offer
5692-FPTAH,Female,No,No,No,1,Yes,No,DSL,No,No,No,No,No,No,Month-to-month,Yes,Mailed check,45.4,45.4,2168,0-12 Months,1,0.6886754209422832,1,68.87,High Risk,Contract upgrade + Security offer
5373-SFODM,Male,Yes,Yes,No,36,Yes,Yes,Fiber optic,No,No,No,No,No,Yes,Month-to-month,Yes,Credit card (automatic),85.25,3132.75,3041,25-48 Months,1,0.7740851947625131,1,77.41,High Risk,Contract upgrade + Security offer
0868-VJRDR,Male,No,Yes,No,64,Yes,No,Fiber optic,Yes,Yes,No,Yes,Yes,Yes,Two year,Yes,Credit card (automatic),104.05,6605.55,4337,49+ Months,0,0.15436180299121566,0,15.44,Low Risk,Monitor
4079-VTGLK,Male,Yes,Yes,No,30,Yes,Yes,DSL,No,No,Yes,No,Yes,Yes,Two year,No,Electronic check,74.85,2181.75,5610,25-48 Months,0,0.3792065991972808,0,37.92,Low Risk,Monitor
1166-PQLGG,Female,No,Yes,Yes,72,Yes,No,No,No internet service,No internet service,No internet service,No internet service,No internet service,No internet service,Two year,No,Bank transfer (automatic),19.55,1463.45,4424,49+ Months,0,0.0020734110959879223,0,0.21,Low Risk,Monitor
5296-BFCYD,Male,No,Yes,Yes,46,Yes,No,No,No internet service,No internet service,No internet service,No internet service,No internet service,No internet service,Two year,Yes,Mailed check,20.1,936.85,3392,25-48 Months,0,0.009284967475721632,0,0.93,Low Risk,Monitor
6568-POCUI,Female,No,Yes,No,45,Yes,No,Fiber optic,No,No,No,Yes,Yes,Yes,Two year,Yes,Credit card (automatic),95.2,4285.8,3363,25-48 Months,0,0.3083524763506537,0,30.84,Low Risk,Monitor
2839-RFSQE,Female,No,No,No,2,Yes,No,No,No internet service,No internet service,No internet service,No internet service,No internet service,No internet service,Month-to-month,No,Mailed check,20.65,38.7,3845,0-12 Months,1,0.42554073810707466,0,42.55,Medium Risk,Monitor
2188-SXWVT,Female,No,No,No,34,Yes,No,DSL,Yes,Yes,No,No,No,No,One year,No,Mailed check,55.0,1885.15,4027,25-48 Months,0,0.1173397872696862,0,11.73,Low Risk,Monitor
8849-GYOKR,Female,No,Yes,No,54,Yes,Yes,Fiber optic,Yes,Yes,No,No,Yes,Yes,One year,No,Bank transfer (automatic),106.55,5763.3,4893,49+ Months,1,0.3680301364477092,0,36.8,Low Risk,Monitor
3623-FQBOX,Male,No,No,No,21,Yes,No,No,No internet service,No internet service,No internet service,No internet service,No internet service,No internet service,Month-to-month,Yes,Mailed check,19.95,416.4,3632,13-24 Months,0,0.31122695432648456,0,31.12,Low Risk,Monitor
2649-HWLYB,Male,No,Yes,No,65,Yes,Yes,DSL,Yes,No,Yes,Yes,No,Yes,Two year,No,Bank transfer (automatic),76.15,4929.55,6177,49+ Months,0,0.04777119764218342,0,4.78,Low Risk,Monitor
0599-XNYDO,Female,No,Yes,No,20,Yes,No,Fiber optic,No,No,No,No,No,No,Month-to-month,Yes,Bank transfer (automatic),69.8,1540.35,5456,13-24 Months,0,0.7684886097802341,1,76.85,High Risk,Contract upgrade + Security offer
2514-GINMM,Male,No,No,No,1,Yes,No,Fiber optic,No,No,No,No,Yes,No,Month-to-month,Yes,Electronic check,79.5,79.5,4490,0-12 Months,1,0.8953964399933123,1,89.54,High Risk,Contract upgrade + Security offer
8401-EMUWF,Male,No,Yes,Yes,42,Yes,Yes,DSL,Yes,Yes,No,No,Yes,No,Month-to-month,Yes,Bank transfer (automatic),69.4,3058.3,4701,25-48 Months,0,0.12730786783990894,0,12.73,Low Risk,Monitor
5766-ZJYBB,Male,No,No,No,1,Yes,No,No,No internet service,No internet service,No internet service,No internet service,No internet service,No internet service,Month-to-month,No,Mailed check,19.4,19.4,4152,0-12 Months,1,0.45003048062112394,0,45.0,Medium Risk,Monitor
2604-IJPDU,Female,No,Yes,No,20,Yes,No,Fiber optic,Yes,Yes,No,Yes,Yes,No,Month-to-month,Yes,Electronic check,96.55,1901.65,4382,13-24 Months,0,0.7190652275070264,1,71.91,High Risk,Contract upgrade + Payment review
2501-XWWTZ,Male,No,No,No,11,Yes,No,Fiber optic,No,No,No,No,No,No,Month-to-month,No,Electronic check,70.2,760.05,2535,0-12 Months,0,0.7738449377892357,1,77.38,High Risk,Contract upgrade + Security offer
6370-ZVHDV,Female,No,Yes,No,61,Yes,Yes,No,No internet service,No internet service,No internet service,No internet service,No internet service,No internet service,Two year,No,Bank transfer (automatic),25.3,1554.9,4501,49+ Months,0,0.023019986497032414,0,2.3,Low Risk,Monitor
3027-YNWZU,Female,No,Yes,No,64,Yes,Yes,No,No internet service,No internet service,No internet service,No internet service,No internet service,No internet service,Two year,No,Credit card (automatic),25.0,1584.8,5538,49+ Months,0,0.02034732808176078,0,2.03,Low Risk,Monitor
4526-ZJJTM,Female,Yes,Yes,No,25,Yes,No,Fiber optic,No,Yes,Yes,No,No,Yes,Month-to-month,No,Bank transfer (automatic),88.4,2191.15,4849,25-48 Months,0,0.6985285510144863,1,69.85,High Risk,Contract upgrade + Security offer
0440-QEXBZ,Female,No,No,No,44,Yes,Yes,DSL,No,No,No,No,No,No,Month-to-month,Yes,Mailed check,50.15,2139.1,5790,25-48 Months,0,0.37083657225263994,0,37.08,Low Risk,Monitor
0330-IVZHA,Female,No,Yes,No,5,Yes,No,Fiber optic,No,No,No,No,No,No,Month-to-month,No,Electronic check,69.95,330.15,2969,0-12 Months,1,0.8448546929288333,1,84.49,High Risk,Contract upgrade + Security offer
9758-MFWGD,Female,Yes,Yes,Yes,48,No,No phone service,DSL,No,Yes,No,No,No,No,One year,No,Bank transfer (automatic),29.9,1388.75,2617,25-48 Months,0,0.03696674675876921,0,3.7,Low Risk,Monitor
4229-CZMLL,Male,No,No,No,6,Yes,Yes,Fiber optic,No,No,No,No,No,No,Month-to-month,Yes,Electronic check,74.9,469.8,4160,0-12 Months,1,0.8827013415697286,1,88.27,High Risk,Contract upgrade + Security offer
0742-MOABM,Male,No,Yes,No,4,Yes,No,DSL,No,No,No,Yes,No,No,Month-to-month,No,Mailed check,50.05,179.35,3394,0-12 Months,1,0.584055007291535,0,58.41,Medium Risk,Monitor
4277-BWBML,Male,No,Yes,Yes,72,Yes,No,No,No internet service,No internet service,No internet service,No internet service,No internet service,No internet service,Two year,No,Bank transfer (automatic),19.95,1322.85,5092,49+ Months,0,0.002076189258607526,0,0.21,Low Risk,Monitor
5136-GFPMB,Male,No,No,No,54,Yes,Yes,Fiber optic,No,No,Yes,No,No,Yes,Month-to-month,No,Credit card (automatic),89.4,4869.5,5871,49+ Months,0,0.527479294443165,0,52.75,Medium Risk,Monitor
7520-HQWJU,Female,No,Yes,Yes,66,Yes,Yes,DSL,Yes,Yes,Yes,No,No,No,Month-to-month,Yes,Bank transfer (automatic),67.45,4508.65,4172,49+ Months,0,0.04124090010852536,0,4.12,Low Risk,Monitor
6304-IJFSQ,Male,No,No,No,3,Yes,No,DSL,No,Yes,No,No,No,No,Month-to-month,Yes,Mailed check,49.9,130.1,5585,0-12 Months,1,0.6620174086636987,1,66.2,High Risk,Contract upgrade + Security offer
0297-RBCSG,Male,No,No,No,19,Yes,No,DSL,No,Yes,No,Yes,No,Yes,One year,Yes,Bank transfer (automatic),65.35,1231.85,2051,13-24 Months,0,0.2904348127577679,0,29.04,Low Risk,Monitor
6013-BHCAW,Male,No,Yes,Yes,61,Yes,Yes,DSL,No,No,Yes,Yes,Yes,Yes,Two year,Yes,Bank transfer (automatic),81.0,4976.15,4151,49+ Months,0,0.028285335392080398,0,2.83,Low Risk,Monitor
4402-FTBXC,Male,No,No,No,54,Yes,No,Fiber optic,Yes,No,Yes,No,Yes,No,Month-to-month,No,Mailed check,89.8,4667.0,4980,49+ Months,0,0.3596639445800797,0,35.97,Low Risk,Monitor
1471-GIQKQ,Female,No,No,No,1,Yes,No,DSL,No,Yes,No,No,No,No,Month-to-month,No,Electronic check,49.95,49.95,5230,0-12 Months,0,0.68141175872102,1,68.14,High Risk,Contract upgrade + Security offer
4283-FUTGF,Male,Yes,No,No,19,Yes,Yes,Fiber optic,No,No,Yes,No,No,No,Month-to-month,Yes,Electronic check,79.85,1471.75,3715,13-24 Months,1,0.8258851477711027,1,82.59,High Risk,Contract upgrade + Security offer
9548-LERKT,Male,No,Yes,No,24,Yes,No,No,No internet service,No internet service,No internet service,No internet service,No internet service,No internet service,Two year,No,Mailed check,19.75,483.15,3455,13-24 Months,0,0.08529757450916002,0,8.53,Low Risk,Monitor
8059-UDZFY,Female,Yes,No,Yes,33,Yes,Yes,Fiber optic,No,Yes,Yes,No,Yes,Yes,Month-to-month,Yes,Bank transfer (automatic),105.35,3465.05,4738,25-48 Months,0,0.39111571441131193,0,39.11,Low Risk,Monitor
0410-IPFTY,Female,No,Yes,No,31,Yes,No,Fiber optic,No,Yes,No,No,No,Yes,Month-to-month,Yes,Bank transfer (automatic),83.85,2674.15,4283,25-48 Months,0,0.7285621882232168,1,72.86,High Risk,Contract upgrade + Security offer
2478-EEWWM,Male,No,Yes,No,59,No,No phone service,DSL,No,No,No,No,Yes,Yes,Month-to-month,Yes,Electronic check,44.3,2666.75,5905,49+ Months,0,0.5648855536547619,0,56.49,Medium Risk,Monitor
4619-EVPHY,Female,Yes,Yes,No,20,Yes,No,Fiber optic,No,No,No,No,Yes,Yes,One year,Yes,Bank transfer (automatic),91.0,1859.5,3748,13-24 Months,0,0.7088968382387194,1,70.89,High Risk,Promote Online Security
2277-DJJDL,Male,Yes,Yes,No,60,Yes,Yes,Fiber optic,No,No,No,Yes,Yes,Yes,Month-to-month,Yes,Electronic check,99.0,6017.9,4763,49+ Months,0,0.7311869309659536,1,73.12,High Risk,Contract upgrade + Security offer
2911-WDXMV,Male,No,No,Yes,18,Yes,Yes,Fiber optic,No,No,Yes,No,No,No,Month-to-month,Yes,Credit card (automatic),80.55,1406.65,5334,13-24 Months,0,0.38850133929997943,0,38.85,Low Risk,Monitor
3639-XJHKQ,Female,No,No,Yes,19,Yes,No,DSL,Yes,Yes,Yes,No,No,No,Month-to-month,Yes,Electronic check,60.6,1297.8,2463,13-24 Months,0,0.15694737820743027,0,15.69,Low Risk,Monitor
8173-RXAYP,Female,No,Yes,Yes,24,Yes,No,No,No internet service,No internet service,No internet service,No internet service,No internet service,No internet service,Two year,No,Mailed check,19.7,452.55,4642,13-24 Months,0,0.017770227685200556,0,1.78,Low Risk,Monitor
4537-CIBHB,Female,No,Yes,Yes,9,Yes,No,No,No internet service,No internet service,No internet service,No internet service,No internet service,No internet service,One year,No,Mailed check,20.25,172.35,4272,0-12 Months,0,0.06075406499343139,0,6.08,Low Risk,Monitor
5442-BXVND,Female,No,Yes,Yes,33,Yes,Yes,No,No internet service,No internet service,No internet service,No internet service,No internet service,No internet service,Month-to-month,No,Bank transfer (automatic),24.25,838.5,5531,25-48 Months,0,0.061805518602172566,0,6.18,Low Risk,Monitor
2308-STERM,Female,No,No,No,2,Yes,No,No,No internet service,No internet service,No internet service,No internet service,No internet service,No internet service,Month-to-month,No,Mailed check,19.4,61.05,5816,0-12 Months,0,0.44159443371290125,0,44.16,Medium Risk,Monitor
7159-NOKYQ,Male,No,Yes,No,67,Yes,Yes,Fiber optic,No,Yes,Yes,No,No,Yes,Two year,Yes,Electronic check,93.15,6368.2,4001,49+ Months,0,0.31853257032832105,0,31.85,Low Risk,Monitor
6075-QMNRR,Female,No,No,No,52,Yes,No,DSL,Yes,No,No,No,No,No,Month-to-month,Yes,Bank transfer (automatic),49.75,2535.55,6334,49+ Months,0,0.1835819834014303,0,18.36,Low Risk,Monitor
3694-GLTJM,Female,No,No,No,5,Yes,No,No,No internet service,No internet service,No internet service,No internet service,No internet service,No internet service,Month-to-month,Yes,Credit card (automatic),19.65,92.05,2878,0-12 Months,0,0.459534924220075,0,45.95,Medium Risk,Monitor
9629-NHXFW,Female,No,Yes,Yes,1,Yes,No,No,No internet service,No internet service,No internet service,No internet service,No internet service,No internet service,Month-to-month,Yes,Mailed check,19.4,19.4,3160,0-12 Months,0,0.21755594519919932,0,21.76,Low Risk,Monitor
7167-PCEYD,Male,No,No,No,67,Yes,No,No,No internet service,No internet service,No internet service,No internet service,No internet service,No internet service,Two year,Yes,Mailed check,19.8,1311.3,4260,49+ Months,0,0.014179198707569382,0,1.42,Low Risk,Monitor
2748-MYRVK,Female,No,No,No,63,Yes,Yes,Fiber optic,No,Yes,No,No,Yes,Yes,One year,No,Bank transfer (automatic),99.9,6137.0,4776,49+ Months,1,0.3188007140373589,0,31.88,Low Risk,Monitor
4223-WOZCM,Male,Yes,No,No,2,Yes,No,DSL,No,No,Yes,No,No,No,Month-to-month,No,Mailed check,49.95,107.1,5251,0-12 Months,0,0.6219491251165787,1,62.19,High Risk,Contract upgrade + Security offer
6946-LMSQS,Male,Yes,Yes,No,25,Yes,Yes,Fiber optic,Yes,No,No,No,No,Yes,One year,Yes,Electronic check,89.05,2177.45,2673,25-48 Months,1,0.6904849884559437,1,69.05,High Risk,Promote Tech Support
5469-NUJUR,Male,No,No,No,19,Yes,No,No,No internet service,No internet service,No internet service,No internet service,No internet service,No internet service,Two year,Yes,Mailed check,19.95,373.5,2831,13-24 Months,0,0.10650797654010265,0,10.65,Low Risk,Monitor
6388-TABGU,Male,No,No,No,62,Yes,No,DSL,Yes,Yes,No,No,No,No,One year,No,Bank transfer (automatic),56.15,3487.95,4529,49+ Months,0,0.04490274766868554,0,4.49,Low Risk,Monitor
1261-FWTTE,Male,Yes,No,No,23,No,No phone service,DSL,No,No,No,No,No,Yes,Month-to-month,Yes,Bank transfer (automatic),34.65,768.45,2307,13-24 Months,0,0.6643807286858019,1,66.44,High Risk,Contract upgrade + Security offer
8590-YFFQO,Male,No,Yes,No,70,Yes,No,DSL,Yes,Yes,Yes,Yes,No,No,Two year,No,Credit card (automatic),64.95,4523.25,5669,49+ Months,0,0.018936749432701388,0,1.89,Low Risk,Monitor
0082-OQIQY,Male,No,No,No,29,Yes,No,Fiber optic,No,No,No,Yes,Yes,Yes,Month-to-month,Yes,Electronic check,94.2,2607.6,4561,25-48 Months,0,0.7701800873085707,1,77.02,High Risk,Contract upgrade + Security offer
9465-RWMXL,Male,No,Yes,No,32,Yes,Yes,Fiber optic,No,No,Yes,No,No,No,Month-to-month,Yes,Electronic check,78.9,2447.95,5949,25-48 Months,1,0.8089811601120691,1,80.9,High Risk,Contract upgrade + Security offer
2930-UOTMB,Female,No,No,No,31,Yes,Yes,DSL,Yes,No,Yes,Yes,No,No,Month-to-month,No,Credit card (automatic),65.25,1994.3,4403,25-48 Months,1,0.24532397491691188,0,24.53,Low Risk,Monitor
9128-CPXKI,Female,No,No,No,59,Yes,No,Fiber optic,No,No,Yes,No,Yes,Yes,Two year,No,Electronic check,95.8,5655.45,5470,49+ Months,0,0.25582542948791426,0,25.58,Low Risk,Monitor
0484-FFVBJ,Male,No,No,No,32,Yes,No,DSL,No,No,No,No,Yes,Yes,One year,Yes,Bank transfer (automatic),64.85,2010.95,4895,25-48 Months,0,0.3560112728586885,0,35.6,Low Risk,Monitor
1100-DDVRV,Male,No,Yes,No,17,No,No phone service,DSL,No,Yes,No,No,Yes,Yes,Month-to-month,Yes,Mailed check,49.8,836.35,5575,13-24 Months,0,0.8020108985004426,1,80.2,High Risk,Contract upgrade + Security offer
9313-QOLTZ,Male,No,No,No,26,Yes,No,No,No internet service,No internet service,No internet service,No internet service,No internet service,No internet service,Month-to-month,No,Mailed check,20.9,518.3,5895,25-48 Months,0,0.21266693176888918,0,21.27,Low Risk,Monitor
3338-CVVEH,Male,No,No,No,12,Yes,Yes,Fiber optic,No,No,No,No,Yes,Yes,Month-to-month,No,Electronic check,94.55,1173.55,5674,0-12 Months,0,0.8838800824530253,1,88.39,High Risk,Contract upgrade + Security offer
1131-SUEKT,Male,No,Yes,Yes,61,Yes,No,Fiber optic,No,Yes,No,Yes,Yes,Yes,One year,Yes,Bank transfer (automatic),98.45,6145.2,4000,49+ Months,0,0.09446493163181298,0,9.45,Low Risk,Monitor
7602-DBTOU,Female,No,Yes,No,71,Yes,No,No,No internet service,No internet service,No internet service,No internet service,No internet service,No internet service,Two year,No,Mailed check,19.6,1416.5,4890,49+ Months,0,0.011368497932065048,0,1.14,Low Risk,Monitor
1385-TQOZW,Female,No,No,No,9,Yes,No,No,No internet service,No internet service,No internet service,No internet service,No internet service,No internet service,Month-to-month,Yes,Credit card (automatic),20.45,147.55,2392,0-12 Months,0,0.40861655873276387,0,40.86,Medium Risk,Monitor
6892-XPFPU,Male,Yes,Yes,No,24,Yes,Yes,Fiber optic,No,Yes,Yes,No,Yes,Yes,Month-to-month,Yes,Electronic check,104.25,2433.9,2104,13-24 Months,1,0.8880538791182916,1,88.81,High Risk,Contract upgrade + Security offer
4115-NZRKS,Female,Yes,No,No,7,Yes,No,Fiber optic,No,No,No,No,Yes,Yes,Month-to-month,Yes,Electronic check,89.15,574.35,2415,0-12 Months,0,0.8963285536081139,1,89.63,High Risk,Contract upgrade + Security offer
5514-YQENT,Male,No,No,Yes,41,Yes,No,Fiber optic,Yes,Yes,Yes,Yes,Yes,Yes,Two year,Yes,Electronic check,111.15,4507.15,5038,25-48 Months,0,0.06756213733882556,0,6.76,Low Risk,Monitor
6319-IEJWJ,Male,No,Yes,No,20,Yes,No,Fiber optic,No,No,No,No,Yes,Yes,Month-to-month,Yes,Electronic check,90.2,1776.55,2058,13-24 Months,1,0.8842571866350142,1,88.43,High Risk,Contract upgrade + Security offer
8849-AYPTR,Male,No,Yes,No,33,Yes,No,Fiber optic,No,No,No,No,Yes,Yes,Month-to-month,No,Electronic check,91.25,2964.05,3296,25-48 Months,0,0.7928799662793337,1,79.29,High Risk,Contract upgrade + Security offer
5893-PYOLZ,Male,No,No,No,56,Yes,No,DSL,No,Yes,Yes,Yes,Yes,Yes,Two year,Yes,Credit card (automatic),81.8,4534.45,4399,49+ Months,0,0.0793288521719189,0,7.93,Low Risk,Monitor
7180-PISOG,Male,No,Yes,No,1,Yes,Yes,Fiber optic,No,No,No,No,No,No,Month-to-month,Yes,Electronic check,74.5,74.5,5554,0-12 Months,1,0.9233700891833734,1,92.34,High Risk,Contract upgrade + Security offer
8443-ZRDBZ,Male,No,No,No,4,Yes,Yes,Fiber optic,No,No,No,No,No,No,Month-to-month,Yes,Electronic check,76.05,318.9,3685,0-12 Months,1,0.8862887980431734,1,88.63,High Risk,Contract upgrade + Security offer
9079-YEXQJ,Female,No,No,No,54,Yes,Yes,Fiber optic,No,Yes,Yes,Yes,Yes,Yes,Month-to-month,No,Electronic check,111.1,6014.85,5527,49+ Months,1,0.6015492188715976,0,60.15,Medium Risk,Monitor
3780-YVMFA,Female,No,Yes,Yes,8,Yes,No,DSL,No,No,No,Yes,Yes,Yes,Month-to-month,Yes,Electronic check,68.55,564.35,3123,0-12 Months,0,0.4269651930619475,0,42.7,Medium Risk,Monitor
6968-MHOMU,Male,No,Yes,No,58,No,No phone service,DSL,No,No,No,No,Yes,Yes,One year,Yes,Credit card (automatic),45.0,2689.35,5006,49+ Months,0,0.28748447166607555,0,28.75,Low Risk,Monitor
0899-LIIBW,Male,No,Yes,No,34,Yes,Yes,Fiber optic,No,No,Yes,No,Yes,Yes,Month-to-month,No,Electronic check,100.85,3527.3,5891,25-48 Months,0,0.8403398770104061,1,84.03,High Risk,Contract upgrade + Security offer
3677-IYRBF,Female,Yes,No,No,2,No,No phone service,DSL,No,No,Yes,No,No,No,Month-to-month,Yes,Electronic check,30.4,78.65,4002,0-12 Months,1,0.8395853879498362,1,83.96,High Risk,Contract upgrade + Security offer
8393-DLHGA,Male,No,No,No,25,Yes,No,Fiber optic,No,Yes,No,No,Yes,Yes,Month-to-month,Yes,Electronic check,95.9,2448.75,2241,25-48 Months,1,0.8182524978191583,1,81.83,High Risk,Contract upgrade + Security offer
7691-XVTZH,Female,No,Yes,No,68,Yes,Yes,Fiber optic,No,No,Yes,No,Yes,No,Two year,Yes,Bank transfer (automatic),89.95,5974.3,5672,49+ Months,0,0.23274923212980278,0,23.27,Low Risk,Monitor
5360-LJCNJ,Female,No,Yes,No,71,Yes,Yes,Fiber optic,No,Yes,Yes,No,Yes,Yes,Two year,Yes,Bank transfer (automatic),105.15,7555.0,5707,49+ Months,0,0.286228420852297,0,28.62,Low Risk,Monitor
3891-PUQOD,Female,No,No,Yes,1,Yes,No,DSL,No,No,Yes,No,No,Yes,Month-to-month,No,Electronic check,59.2,59.2,5020,0-12 Months,1,0.36541571436131576,0,36.54,Low Risk,Monitor
0952-KMEEH,Male,No,No,No,13,Yes,Yes,Fiber optic,Yes,No,No,No,Yes,Yes,Month-to-month,No,Mailed check,98.15,1230.25,5525,13-24 Months,1,0.7797593598202552,1,77.98,High Risk,Contract upgrade + Tech Support
4919-IKATY,Male,No,Yes,No,5,Yes,Yes,Fiber optic,Yes,No,Yes,No,No,No,Month-to-month,Yes,Electronic check,84.5,453.75,5141,0-12 Months,1,0.8713284379493194,1,87.13,High Risk,Contract upgrade + Tech Support
9746-UGFAC,Female,No,No,No,22,Yes,No,No,No internet service,No internet service,No internet service,No internet service,No internet service,No internet service,One year,No,Bank transfer (automatic),20.85,450.65,3171,13-24 Months,0,0.11639071018003617,0,11.64,Low Risk,Monitor
9108-EQPNQ,Female,No,Yes,Yes,10,Yes,Yes,No,No internet service,No internet service,No internet service,No internet service,No internet service,No internet service,Two year,No,Credit card (automatic),26.1,225.55,3179,0-12 Months,0,0.038297820421291824,0,3.83,Low Risk,Monitor
0531-ZZJWQ,Male,Yes,Yes,No,55,Yes,Yes,Fiber optic,No,No,No,No,No,No,Month-to-month,Yes,Electronic check,74.0,4052.4,4958,49+ Months,0,0.6767223296726391,1,67.67,High Risk,Contract upgrade + Security offer
8763-KIAFH,Female,No,Yes,No,27,Yes,No,No,No internet service,No internet service,No internet service,No internet service,No internet service,No internet service,One year,Yes,Mailed check,20.55,583.3,2269,25-48 Months,0,0.16457127746861516,0,16.46,Low Risk,Monitor
5863-OOKCL,Female,No,No,No,10,Yes,No,No,No internet service,No internet service,No internet service,No internet service,No internet service,No internet service,Month-to-month,No,Mailed check,18.85,163.2,5949,0-12 Months,0,0.3562853947300879,0,35.63,Low Risk,Monitor
2958-NHPPS,Male,No,No,No,23,Yes,No,No,No internet service,No internet service,No internet service,No internet service,No internet service,No internet service,Month-to-month,No,Electronic check,20.85,473.9,4263,13-24 Months,0,0.3010727913065536,0,30.11,Low Risk,Monitor
9530-GRMJG,Male,No,Yes,Yes,70,Yes,Yes,DSL,No,Yes,Yes,Yes,Yes,Yes,Two year,Yes,Electronic check,84.1,5979.7,5568,49+ Months,0,0.030870754594036244,0,3.09,Low Risk,Monitor
1809-DMJHQ,Female,No,No,Yes,5,Yes,No,DSL,No,No,No,No,No,No,Month-to-month,No,Mailed check,46.0,221.7,4846,0-12 Months,1,0.21895912772639306,0,21.9,Low Risk,Monitor
0164-XAIRP,Female,No,No,No,24,Yes,No,No,No internet service,No internet service,No internet service,No internet service,No internet service,No internet service,Two year,Yes,Bank transfer (automatic),19.55,470.2,2511,13-24 Months,0,0.08245342952532345,0,8.25,Low Risk,Monitor
2926-JEJJC,Female,No,No,No,8,Yes,No,No,No internet service,No internet service,No internet service,No internet service,No internet service,No internet service,One year,Yes,Bank transfer (automatic),20.2,140.95,5066,0-12 Months,0,0.26064603701258304,0,26.06,Low Risk,Monitor
1169-WCVAK,Male,No,Yes,No,19,Yes,Yes,Fiber optic,Yes,Yes,No,Yes,No,No,Month-to-month,Yes,Credit card (automatic),88.8,1672.35,4600,13-24 Months,0,0.658893688426385,1,65.89,High Risk,Offer contract upgrade
1217-VASWC,Male,Yes,Yes,No,43,Yes,No,Fiber optic,No,Yes,Yes,No,Yes,Yes,One year,Yes,Bank transfer (automatic),100.55,4304.0,4499,25-48 Months,0,0.5345858820653426,0,53.46,Medium Risk,Monitor
2452-KDRRH,Male,Yes,No,No,67,Yes,Yes,Fiber optic,No,No,Yes,No,Yes,Yes,Month-to-month,Yes,Credit card (automatic),101.4,6841.05,5269,49+ Months,0,0.6009792449953558,0,60.1,Medium Risk,Monitor
6402-EJMWF,Male,No,No,No,4,Yes,No,DSL,No,No,No,No,No,Yes,Month-to-month,Yes,Mailed check,55.3,238.5,3684,0-12 Months,0,0.7259513009498092,1,72.6,High Risk,Contract upgrade + Security offer
7663-CUXZB,Male,No,Yes,No,59,Yes,Yes,Fiber optic,Yes,Yes,Yes,Yes,Yes,Yes,Two year,No,Electronic check,113.75,6561.25,6251,49+ Months,0,0.2405532044099289,0,24.06,Low Risk,Monitor
4312-KFRXN,Male,No,Yes,No,72,Yes,Yes,No,No internet service,No internet service,No internet service,No internet service,No internet service,No internet service,Two year,No,Mailed check,25.4,1710.9,5512,49+ Months,0,0.01514395535272044,0,1.51,Low Risk,Monitor
3011-WQKSZ,Male,No,No,Yes,19,Yes,No,No,No internet service,No internet service,No internet service,No internet service,No internet service,No internet service,Month-to-month,Yes,Electronic check,20.0,377.55,5188,13-24 Months,0,0.12494676183103383,0,12.49,Low Risk,Monitor
9747-DDZOS,Female,No,No,No,1,Yes,No,Fiber optic,No,No,Yes,No,No,No,Month-to-month,No,Bank transfer (automatic),73.5,73.5,4378,0-12 Months,1,0.7598661072406574,1,75.99,High Risk,Contract upgrade + Security offer
2091-MJTFX,Female,No,Yes,Yes,30,No,No phone service,DSL,No,No,No,Yes,Yes,Yes,Month-to-month,No,Credit card (automatic),51.2,1561.5,4568,25-48 Months,1,0.2052814792197877,0,20.53,Low Risk,Monitor
0388-EOPEX,Female,No,Yes,No,2,Yes,No,Fiber optic,Yes,No,No,No,No,No,Month-to-month,Yes,Electronic check,74.4,139.4,4263,0-12 Months,1,0.8534947268915545,1,85.35,High Risk,Contract upgrade + Tech Support
3161-ONRWK,Male,No,Yes,No,60,Yes,No,DSL,Yes,Yes,Yes,Yes,No,No,One year,Yes,Bank transfer (automatic),65.85,3928.3,4053,49+ Months,0,0.06371832122978074,0,6.37,Low Risk,Monitor
2587-EKXTS,Male,No,No,No,44,Yes,Yes,Fiber optic,Yes,Yes,Yes,No,Yes,Yes,Month-to-month,Yes,Electronic check,111.5,4915.15,2827,25-48 Months,0,0.7127818092445111,1,71.28,High Risk,Contract upgrade + Tech Support
9752-ZNQUT,Female,No,No,No,1,Yes,No,DSL,No,Yes,No,No,No,No,Month-to-month,Yes,Electronic check,48.6,48.6,3704,0-12 Months,0,0.7452420814485472,1,74.52,High Risk,Contract upgrade + Security offer
9572-WUKSB,Male,No,Yes,No,3,No,No phone service,DSL,No,No,No,Yes,No,No,Month-to-month,Yes,Electronic check,29.9,92.25,4416,0-12 Months,0,0.8339409396761936,1,83.39,High Risk,Contract upgrade + Security offer
3836-FZSDJ,Male,Yes,Yes,No,71,Yes,Yes,No,No internet service,No internet service,No internet service,No internet service,No internet service,No internet service,Two year,No,Bank transfer (automatic),24.85,1901.0,4367,49+ Months,0,0.01626866506836725,0,1.63,Low Risk,Monitor
8805-JNRAZ,Female,No,No,No,2,Yes,No,DSL,No,Yes,No,No,No,No,Month-to-month,No,Mailed check,49.2,103.7,2342,0-12 Months,0,0.5795235073363254,0,57.95,Medium Risk,Monitor
3069-SSVSN,Female,No,No,No,1,No,No phone service,DSL,No,No,No,No,No,No,One year,No,Mailed check,25.85,25.85,4467,0-12 Months,0,0.5654084167434241,0,56.54,Medium Risk,Monitor
8015-IHCGW,Female,No,Yes,Yes,72,Yes,Yes,Fiber optic,Yes,Yes,Yes,Yes,Yes,Yes,Two year,Yes,Electronic check,115.5,8425.15,4017,49+ Months,0,0.057720781151083644,0,5.77,Low Risk,Monitor
8132-YPVBX,Female,No,No,No,6,Yes,No,Fiber optic,No,Yes,No,No,No,Yes,Month-to-month,Yes,Mailed check,85.95,514.6,3291,0-12 Months,0,0.8082585693526455,1,80.83,High Risk,Contract upgrade + Security offer
0235-KGSLC,Female,No,No,No,1,Yes,No,Fiber optic,No,No,Yes,No,Yes,No,Month-to-month,Yes,Credit card (automatic),85.55,85.55,3967,0-12 Months,1,0.8353513244519889,1,83.54,High Risk,Contract upgrade + Security offer
1302-UHBDD,Male,Yes,No,No,20,Yes,No,Fiber optic,No,No,No,No,Yes,Yes,Month-to-month,No,Electronic check,89.95,1648.45,4812,13-24 Months,0,0.8167562523330428,1,81.68,High Risk,Contract upgrade + Security offer
3722-WPXTK,Male,No,No,No,1,Yes,No,Fiber optic,No,No,No,No,Yes,Yes,Month-to-month,Yes,Electronic check,88.35,88.35,4254,0-12 Months,1,0.9162805130204645,1,91.63,High Risk,Contract upgrade + Security offer
7531-GQHME,Male,No,No,No,12,Yes,No,No,No internet service,No internet service,No internet service,No internet service,No internet service,No internet service,Month-to-month,No,Credit card (automatic),20.05,265.45,4996,0-12 Months,0,0.3261606837893882,0,32.62,Low Risk,Monitor
1335-NTIUC,Male,No,No,No,9,No,No phone service,DSL,No,No,No,No,No,No,Month-to-month,Yes,Electronic check,24.95,190.25,5473,0-12 Months,0,0.8077710631677211,1,80.78,High Risk,Contract upgrade + Security offer
9367-TCUYN,Female,No,No,No,12,Yes,No,No,No internet service,No internet service,No internet service,No internet service,No internet service,No internet service,Month-to-month,No,Mailed check,20.1,223.6,5179,0-12 Months,0,0.3288001321378271,0,32.88,Low Risk,Monitor
1536-HBSWP,Female,No,No,No,1,Yes,No,DSL,No,No,No,Yes,No,No,Month-to-month,Yes,Electronic check,49.9,49.9,4667,0-12 Months,0,0.7025336509684982,1,70.25,High Risk,Contract upgrade + Security offer
8573-JGCZW,Male,No,No,No,17,Yes,No,No,No internet service,No internet service,No internet service,No internet service,No internet service,No internet service,One year,Yes,Bank transfer (automatic),19.65,351.55,4774,13-24 Months,0,0.19677057927761757,0,19.68,Low Risk,Monitor
2694-CIUMO,Female,No,No,No,12,Yes,Yes,Fiber optic,No,No,No,Yes,No,No,Month-to-month,Yes,Credit card (automatic),79.55,958.25,3445,0-12 Months,0,0.7387646107773015,1,73.88,High Risk,Contract upgrade + Security offer
2027-FECZV,Male,No,No,No,12,Yes,Yes,Fiber optic,No,Yes,Yes,No,Yes,Yes,Month-to-month,Yes,Electronic check,106.7,1253.9,2406,0-12 Months,1,0.8866023836383397,1,88.66,High Risk,Contract upgrade + Security offer
9103-TCIHJ,Female,No,No,No,15,Yes,Yes,DSL,Yes,No,No,No,No,No,Month-to-month,Yes,Mailed check,55.7,899.8,4519,13-24 Months,1,0.5486361299767366,0,54.86,Medium Risk,Monitor
1545-JFUML,Male,No,Yes,No,71,Yes,Yes,Fiber optic,Yes,Yes,Yes,No,Yes,No,Two year,Yes,Electronic check,99.0,6994.6,5295,49+ Months,0,0.22761122012371535,0,22.76,Low Risk,Monitor
0524-IAVZO,Female,No,Yes,No,30,Yes,Yes,Fiber optic,No,No,No,No,No,Yes,Month-to-month,Yes,Electronic check,85.0,2624.25,3698,25-48 Months,1,0.8559387316462173,1,85.59,High Risk,Contract upgrade + Security offer
5519-TEEUH,Male,No,No,Yes,33,Yes,No,No,No internet service,No internet service,No internet service,No internet service,No internet service,No internet service,One year,Yes,Mailed check,20.15,682.15,5759,25-48 Months,0,0.02401609888043505,0,2.4,Low Risk,Monitor
6654-QGBZZ,Female,No,No,No,1,Yes,No,No,No internet service,No internet service,No internet service,No internet service,No internet service,No internet service,Month-to-month,No,Mailed check,19.9,19.9,5057,0-12 Months,0,0.44562786645665964,0,44.56,Medium Risk,Monitor
2294-DMMUS,Female,No,Yes,Yes,62,Yes,Yes,DSL,No,No,No,No,Yes,Yes,Month-to-month,Yes,Credit card (automatic),70.45,4300.45,5057,49+ Months,0,0.12779398232607167,0,12.78,Low Risk,Monitor
0017-IUDMW,Female,No,Yes,Yes,72,Yes,Yes,Fiber optic,Yes,Yes,Yes,Yes,Yes,Yes,Two year,Yes,Credit card (automatic),116.8,8456.75,6252,49+ Months,0,0.04026793455469109,0,4.03,Low Risk,Monitor
5018-LXQQG,Female,No,Yes,Yes,30,Yes,No,DSL,Yes,No,No,Yes,No,Yes,Month-to-month,No,Bank transfer (automatic),66.3,1923.5,4631,25-48 Months,0,0.08274047898697137,0,8.27,Low Risk,Monitor
5808-TOTXO,Female,No,No,Yes,3,Yes,No,No,No internet service,No internet service,No internet service,No internet service,No internet service,No internet service,One year,Yes,Credit card (automatic),20.55,57.4,2774,0-12 Months,0,0.07527323230306772,0,7.53,Low Risk,Monitor
1174-FGIFN,Female,No,Yes,Yes,28,Yes,Yes,Fiber optic,No,No,No,Yes,No,Yes,One year,Yes,Electronic check,90.45,2509.25,5823,25-48 Months,0,0.2924643448648078,0,29.25,Low Risk,Monitor
0730-KOAVE,Male,No,No,No,30,Yes,Yes,Fiber optic,Yes,Yes,No,No,No,Yes,Month-to-month,Yes,Credit card (automatic),94.3,2679.7,4219,25-48 Months,0,0.6514623160830967,1,65.15,High Risk,Contract upgrade + Tech Support
1218-VKFPE,Female,No,Yes,No,12,Yes,No,No,No internet service,No internet service,No internet service,No internet service,No internet service,No internet service,Month-to-month,No,Mailed check,19.0,233.55,3535,0-12 Months,1,0.3905179656232049,0,39.05,Low Risk,Monitor
5313-FPXWG,Male,No,No,No,51,Yes,Yes,No,No internet service,No internet service,No internet service,No internet service,No internet service,No internet service,One year,Yes,Bank transfer (automatic),24.6,1266.4,4886,49+ Months,0,0.06806198140058203,0,6.81,Low Risk,Monitor
2834-JKOOW,Female,No,No,No,15,No,No phone service,DSL,Yes,Yes,Yes,Yes,No,No,One year,No,Mailed check,45.9,693.45,3572,13-24 Months,0,0.2233753890085411,0,22.34,Low Risk,Monitor
9430-NKQLY,Male,No,Yes,Yes,72,Yes,Yes,No,No internet service,No internet service,No internet service,No internet service,No internet service,No internet service,Two year,Yes,Credit card (automatic),25.1,1790.8,4185,49+ Months,0,0.0039323526112190164,0,0.39,Low Risk,Monitor
0363-QJVFX,Male,No,No,No,32,Yes,Yes,Fiber optic,Yes,Yes,No,Yes,Yes,Yes,Month-to-month,Yes,Credit card (automatic),108.15,3432.9,2541,25-48 Months,1,0.6305222451023037,1,63.05,High Risk,Offer contract upgrade
1658-TJVOA,Female,Yes,No,No,6,Yes,No,Fiber optic,Yes,No,No,No,No,No,Month-to-month,Yes,Electronic check,74.1,450.9,4716,0-12 Months,0,0.801949677689016,1,80.19,High Risk,Contract upgrade + Tech Support
6685-GBWJZ,Male,No,Yes,No,63,Yes,No,DSL,Yes,Yes,No,Yes,Yes,No,One year,No,Credit card (automatic),70.8,4448.8,5114,49+ Months,0,0.05963655600662716,0,5.96,Low Risk,Monitor
6328-ZPBGN,Female,Yes,No,No,11,Yes,Yes,Fiber optic,No,No,No,No,Yes,Yes,Month-to-month,Yes,Bank transfer (automatic),95.15,997.65,4074,0-12 Months,1,0.872721879268916,1,87.27,High Risk,Contract upgrade + Security offer
4003-FUSHP,Male,No,No,No,19,Yes,No,DSL,No,No,No,Yes,Yes,No,Month-to-month,Yes,Credit card (automatic),61.55,1093.2,5831,13-24 Months,0,0.5067331789629629,0,50.67,Medium Risk,Monitor
7690-KPNCU,Male,No,Yes,No,64,Yes,No,DSL,Yes,No,Yes,No,Yes,Yes,One year,Yes,Credit card (automatic),73.05,4688.65,4515,49+ Months,0,0.14951112725196505,0,14.95,Low Risk,Monitor
2969-WGHQO,Female,No,Yes,Yes,7,Yes,No,DSL,Yes,Yes,Yes,No,Yes,No,One year,No,Electronic check,69.45,477.05,3334,0-12 Months,0,0.13515907711483352,0,13.52,Low Risk,Monitor
1855-CFULU,Female,Yes,No,No,4,Yes,No,No,No internet service,No internet service,No internet service,No internet service,No internet service,No internet service,Month-to-month,No,Mailed check,20.05,91.45,3460,0-12 Months,0,0.4121907942754098,0,41.22,Medium Risk,Monitor
9788-YTFGE,Male,No,No,No,7,Yes,No,No,No internet service,No internet service,No internet service,No internet service,No internet service,No internet service,Month-to-month,Yes,Mailed check,19.95,147.5,3331,0-12 Months,0,0.4567208810962891,0,45.67,Medium Risk,Monitor
8266-VBFQL,Male,No,No,No,4,Yes,No,Fiber optic,No,No,Yes,Yes,No,Yes,Month-to-month,Yes,Electronic check,90.4,356.65,3314,0-12 Months,0,0.8355496332975345,1,83.55,High Risk,Contract upgrade + Security offer
2325-NBPZG,Female,No,No,No,3,Yes,No,Fiber optic,Yes,No,No,No,No,No,Month-to-month,Yes,Electronic check,74.55,233.65,5125,0-12 Months,0,0.813000465050785,1,81.3,High Risk,Contract upgrade + Tech Support
9906-NHHVC,Female,Yes,No,No,65,No,No phone service,DSL,No,Yes,Yes,No,Yes,Yes,Two year,Yes,Bank transfer (automatic),53.5,3517.9,5693,49+ Months,0,0.10717117240959233,0,10.72,Low Risk,Monitor
2541-YGPKE,Male,No,Yes,Yes,42,Yes,No,DSL,Yes,No,No,Yes,No,Yes,One year,No,Credit card (automatic),63.7,2763.35,3764,25-48 Months,0,0.027859461881369008,0,2.79,Low Risk,Monitor
5049-MUBWG,Male,No,No,No,26,Yes,No,DSL,Yes,No,No,Yes,Yes,Yes,One year,No,Bank transfer (automatic),75.0,1908.35,4705,25-48 Months,0,0.1993850753706442,0,19.94,Low Risk,Monitor
2332-TODQS,Female,No,No,No,48,Yes,Yes,No,No internet service,No internet service,No internet service,No internet service,No internet service,No internet service,One year,No,Credit card (automatic),25.05,1171.5,3642,25-48 Months,0,0.053211779923034434,0,5.32,Low Risk,Monitor
4419-UJMUS,Male,No,Yes,Yes,69,Yes,Yes,Fiber optic,No,No,No,Yes,Yes,Yes,Two year,Yes,Electronic check,99.35,6856.45,4637,49+ Months,0,0.08865211064067902,0,8.87,Low Risk,Monitor
2233-TXSIU,Male,No,Yes,Yes,17,No,No phone service,DSL,Yes,No,Yes,No,Yes,No,One year,No,Credit card (automatic),44.45,792.15,3522,13-24 Months,0,0.12292446104913257,0,12.29,Low Risk,Monitor
6770-XUAGN,Female,No,Yes,No,1,Yes,No,No,No internet service,No internet service,No internet service,No internet service,No internet service,No internet service,Month-to-month,Yes,Electronic check,21.0,21.0,3753,0-12 Months,1,0.6667850447364349,1,66.68,High Risk,Contract upgrade + Payment review
2919-HBCJO,Female,No,No,No,4,Yes,No,Fiber optic,No,Yes,No,No,No,No,Month-to-month,Yes,Bank transfer (automatic),76.65,333.6,4580,0-12 Months,1,0.7769751790286508,1,77.7,High Risk,Contract upgrade + Security offer
9508-ILZDG,Female,Yes,No,No,34,Yes,Yes,Fiber optic,No,Yes,No,Yes,Yes,No,Month-to-month,Yes,Electronic check,96.35,3190.25,5425,25-48 Months,0,0.7214643637087753,1,72.15,High Risk,Contract upgrade + Security offer
5442-BHQNG,Female,No,No,No,2,Yes,No,Fiber optic,No,No,No,No,No,No,Month-to-month,No,Electronic check,70.35,139.25,3430,0-12 Months,0,0.8210599172941312,1,82.11,High Risk,Contract upgrade + Security offer
7250-EQKIY,Female,No,Yes,Yes,1,Yes,No,DSL,No,No,Yes,No,No,No,Month-to-month,No,Mailed check,50.45,50.45,2426,0-12 Months,1,0.2817197976948048,0,28.17,Low Risk,Monitor
6838-HVLXG,Female,No,No,No,12,Yes,No,No,No internet service,No internet service,No internet service,No internet service,No internet service,No internet service,Month-to-month,No,Mailed check,20.3,246.7,4177,0-12 Months,0,0.3248680367782256,0,32.49,Low Risk,Monitor
9767-FFLEM,Male,No,No,No,38,Yes,No,Fiber optic,No,No,No,No,No,No,Month-to-month,Yes,Credit card (automatic),69.5,2625.25,4591,25-48 Months,0,0.5697847614566925,0,56.98,Medium Risk,Monitor
2245-ADZFJ,Female,No,Yes,No,31,Yes,Yes,DSL,No,Yes,No,Yes,Yes,Yes,Two year,No,Bank transfer (automatic),80.55,2471.6,3491,25-48 Months,0,0.19586087725010976,0,19.59,Low Risk,Monitor
1150-WFARN,Female,No,Yes,No,67,Yes,Yes,Fiber optic,Yes,No,Yes,Yes,Yes,Yes,Two year,Yes,Credit card (automatic),108.75,7156.2,5516,49+ Months,1,0.1985976706225734,0,19.86,Low Risk,Monitor
9054-FOWNV,Male,No,Yes,Yes,22,Yes,Yes,Fiber optic,No,No,Yes,No,Yes,No,Month-to-month,Yes,Electronic check,88.75,1885.15,5585,13-24 Months,0,0.5944345601040052,0,59.44,Medium Risk,Monitor
7997-EASSD,Female,No,Yes,No,63,Yes,Yes,Fiber optic,No,No,No,Yes,No,No,One year,Yes,Credit card (automatic),81.2,4965.1,6063,49+ Months,0,0.25500734874793246,0,25.5,Low Risk,Monitor
7560-QJAVJ,Female,No,No,No,70,Yes,No,DSL,Yes,No,Yes,Yes,Yes,Yes,Two year,No,Bank transfer (automatic),79.6,5589.45,5474,49+ Months,0,0.0314395370815791,0,3.14,Low Risk,Monitor
2668-TZSPS,Male,No,No,No,1,Yes,No,No,No internet service,No internet service,No internet service,No internet service,No internet service,No internet service,Month-to-month,No,Mailed check,20.45,20.45,2664,0-12 Months,0,0.438337612672776,0,43.83,Medium Risk,Monitor
9139-WQQDY,Female,No,Yes,No,49,Yes,Yes,Fiber optic,No,Yes,No,No,Yes,Yes,One year,No,Mailed check,100.45,4941.8,4235,49+ Months,1,0.48921364845326176,0,48.92,Medium Risk,Monitor
6726-NNFWD,Female,Yes,Yes,No,71,Yes,No,Fiber optic,No,Yes,Yes,No,No,Yes,Two year,No,Credit card (automatic),89.45,6435.25,6004,49+ Months,0,0.13015459792090237,0,13.02,Low Risk,Monitor
9330-DHBFL,Female,No,Yes,No,23,Yes,No,DSL,Yes,Yes,Yes,Yes,No,No,One year,Yes,Mailed check,66.25,1533.8,2072,13-24 Months,0,0.1920889788987931,0,19.21,Low Risk,Monitor
5727-MYATE,Male,No,Yes,Yes,72,Yes,Yes,DSL,Yes,Yes,Yes,Yes,Yes,Yes,Two year,Yes,Credit card (automatic),90.8,6397.6,5028,49+ Months,0,0.013513474413530202,0,1.35,Low Risk,Monitor
2824-DXNKN,Female,No,Yes,Yes,72,Yes,Yes,DSL,Yes,No,Yes,No,Yes,No,Two year,Yes,Bank transfer (automatic),71.45,5025.85,5656,49+ Months,0,0.012923155753044514,0,1.29,Low Risk,Monitor
6166-ILMNY,Female,No,No,No,2,Yes,No,Fiber optic,No,No,No,No,No,No,Month-to-month,No,Bank transfer (automatic),69.75,144.55,5667,0-12 Months,1,0.765826660405359,1,76.58,High Risk,Contract upgrade + Security offer
5236-XMZJY,Female,No,No,No,42,Yes,No,DSL,Yes,Yes,Yes,No,No,No,Month-to-month,No,Bank transfer (automatic),59.65,2536.55,3048,25-48 Months,0,0.16937693754822547,0,16.94,Low Risk,Monitor
1709-EJDOX,Female,No,Yes,Yes,47,Yes,No,No,No internet service,No internet service,No internet service,No internet service,No internet service,No internet service,Two year,No,Mailed check,19.75,948.9,3843,25-48 Months,0,0.006392797477358085,0,0.64,Low Risk,Monitor
4962-CHQPW,Male,No,No,Yes,29,Yes,No,No,No internet service,No internet service,No internet service,No internet service,No internet service,No internet service,One year,No,Mailed check,19.85,535.05,2941,25-48 Months,0,0.019678337324150117,0,1.97,Low Risk,Monitor
0301-FIDRB,Female,No,Yes,Yes,72,No,No phone service,DSL,Yes,Yes,Yes,Yes,Yes,Yes,Two year,Yes,Bank transfer (automatic),63.8,4684.3,6107,49+ Months,0,0.012993119510753635,0,1.3,Low Risk,Monitor
1820-TQVEV,Male,No,No,No,1,Yes,No,Fiber optic,No,No,No,No,No,No,Month-to-month,Yes,Electronic check,69.55,69.55,3042,0-12 Months,1,0.8709137148800743,1,87.09,High Risk,Contract upgrade + Security offer
9115-YQHGA,Male,No,No,No,40,Yes,No,DSL,No,No,No,Yes,No,No,Month-to-month,Yes,Electronic check,51.1,2092.9,3355,25-48 Months,0,0.348702833852706,0,34.87,Low Risk,Monitor
1541-ETJZO,Male,No,No,No,1,Yes,Yes,DSL,No,No,Yes,Yes,No,No,Month-to-month,No,Mailed check,62.05,62.05,2937,0-12 Months,1,0.5805542433616722,0,58.06,Medium Risk,Monitor
6230-BSUXY,Female,Yes,No,No,1,Yes,No,Fiber optic,No,No,Yes,No,No,Yes,Month-to-month,Yes,Electronic check,85.0,85.0,2650,0-12 Months,1,0.8871664514578873,1,88.72,High Risk,Contract upgrade + Security offer
6797-LNAQX,Male,No,Yes,No,70,Yes,Yes,Fiber optic,No,Yes,No,No,Yes,Yes,Two year,No,Bank transfer (automatic),98.3,6859.5,4794,49+ Months,1,0.2264057006186348,0,22.64,Low Risk,Monitor
9588-YRFHY,Male,No,No,No,49,Yes,No,No,No internet service,No internet service,No internet service,No internet service,No internet service,No internet service,Two year,Yes,Credit card (automatic),19.9,1022.6,5240,49+ Months,0,0.030729159032127567,0,3.07,Low Risk,Monitor
1092-GANHU,Male,No,No,No,17,Yes,No,Fiber optic,No,No,Yes,No,No,No,Month-to-month,Yes,Electronic check,76.65,1313.55,3182,13-24 Months,1,0.7854692344993899,1,78.55,High Risk,Contract upgrade + Security offer
5951-AOFIH,Male,No,No,No,33,Yes,No,DSL,No,Yes,Yes,No,Yes,No,Month-to-month,Yes,Credit card (automatic),66.4,2245.4,3843,25-48 Months,0,0.42618142078122373,0,42.62,Medium Risk,Monitor
7029-RPUAV,Male,Yes,Yes,No,17,Yes,Yes,Fiber optic,No,No,Yes,No,Yes,Yes,Month-to-month,Yes,Credit card (automatic),100.45,1622.45,5508,13-24 Months,1,0.8827931488372082,1,88.28,High Risk,Contract upgrade + Security offer
4700-UBQMV,Male,No,Yes,Yes,21,Yes,Yes,DSL,Yes,No,No,No,Yes,Yes,One year,Yes,Bank transfer (automatic),75.9,1549.75,3503,13-24 Months,0,0.15542161208173372,0,15.54,Low Risk,Monitor
3594-UVONA,Female,No,No,No,35,Yes,Yes,DSL,Yes,No,Yes,Yes,Yes,Yes,One year,Yes,Credit card (automatic),85.95,3110.1,3833,25-48 Months,1,0.2433638736163954,0,24.34,Low Risk,Monitor
7750-EYXWZ,Female,No,No,No,12,No,No phone service,DSL,No,Yes,Yes,Yes,Yes,Yes,One year,No,Electronic check,60.65,743.3,3740,0-12 Months,0,0.5262936090655922,0,52.63,Medium Risk,Monitor
7054-ENNGU,Female,No,Yes,No,9,Yes,No,DSL,No,Yes,No,No,No,No,Month-to-month,No,Mailed check,50.85,466.6,4623,0-12 Months,0,0.5865326515284558,0,58.65,Medium Risk,Monitor
0402-OAMEN,Female,No,Yes,Yes,72,Yes,Yes,No,No internet service,No internet service,No internet service,No internet service,No internet service,No internet service,Two year,No,Bank transfer (automatic),24.45,1709.1,5335,49+ Months,0,0.0028655476415217042,0,0.29,Low Risk,Monitor
2195-VVRJF,Male,Yes,Yes,No,18,Yes,No,DSL,Yes,No,No,No,No,Yes,Month-to-month,Yes,Credit card (automatic),59.1,1011.05,2422,13-24 Months,0,0.5805490779477728,0,58.05,Medium Risk,Monitor
8819-ZBYNA,Female,No,Yes,No,58,Yes,Yes,Fiber optic,Yes,Yes,No,Yes,Yes,Yes,Two year,Yes,Credit card (automatic),109.1,6393.65,4935,49+ Months,0,0.22836552033241433,0,22.84,Low Risk,Monitor
7748-UMTRK,Female,Yes,No,Yes,30,Yes,Yes,Fiber optic,No,No,No,Yes,Yes,Yes,Month-to-month,Yes,Electronic check,101.3,2974.5,2440,25-48 Months,0,0.446284810313502,0,44.63,Medium Risk,Monitor
1741-WTPON,Male,No,Yes,Yes,56,Yes,Yes,Fiber optic,Yes,Yes,Yes,Yes,Yes,Yes,Two year,No,Mailed check,115.85,6567.9,4937,49+ Months,0,0.044991591360932295,0,4.5,Low Risk,Monitor
7209-JCUDS,Male,No,No,No,10,Yes,No,Fiber optic,No,No,Yes,No,Yes,Yes,Month-to-month,Yes,Electronic check,94.9,1048.85,2832,0-12 Months,1,0.885164012544038,1,88.52,High Risk,Contract upgrade + Security offer
2485-ITVKB,Female,No,Yes,No,2,No,No phone service,DSL,No,No,No,No,No,Yes,Month-to-month,Yes,Electronic check,35.1,68.75,2643,0-12 Months,1,0.8978883824546295,1,89.79,High Risk,Contract upgrade + Security offer
9648-BCHKM,Female,No,Yes,Yes,18,Yes,Yes,No,No internet service,No internet service,No internet service,No internet service,No internet service,No internet service,Two year,Yes,Credit card (automatic),24.65,471.35,5231,13-24 Months,0,0.04003464368903658,0,4.0,Low Risk,Monitor
0743-HRVFF,Female,No,Yes,Yes,51,No,No phone service,DSL,No,No,Yes,Yes,Yes,Yes,One year,Yes,Electronic check,56.15,2898.95,4132,49+ Months,0,0.0974579155268244,0,9.75,Low Risk,Monitor
2522-AHJXR,Male,No,Yes,No,60,Yes,Yes,Fiber optic,Yes,No,Yes,Yes,Yes,Yes,Month-to-month,Yes,Bank transfer (automatic),109.45,6572.85,4350,49+ Months,0,0.5568726880115701,0,55.69,Medium Risk,Monitor
9143-CANJF,Female,No,Yes,Yes,24,Yes,No,DSL,Yes,No,No,Yes,No,No,Month-to-month,No,Electronic check,55.15,1319.85,2200,13-24 Months,0,0.1087450208880522,0,10.87,Low Risk,Monitor
1444-VVSGW,Male,No,Yes,No,70,Yes,Yes,Fiber optic,Yes,Yes,Yes,Yes,Yes,Yes,One year,No,Credit card (automatic),115.65,7968.85,5563,49+ Months,1,0.22870023451266386,0,22.87,Low Risk,Monitor
6898-MDLZW,Male,No,No,No,12,Yes,No,DSL,No,Yes,No,Yes,No,No,Month-to-month,Yes,Mailed check,53.75,648.65,5385,0-12 Months,0,0.5022279782900693,0,50.22,Medium Risk,Monitor
0074-HDKDG,Male,No,Yes,No,25,Yes,No,DSL,Yes,Yes,Yes,No,No,No,One year,Yes,Bank transfer (automatic),61.6,1611.0,3807,25-48 Months,0,0.241414907254016,0,24.14,Low Risk,Monitor
3982-JGSFD,Male,No,No,No,36,Yes,No,No,No internet service,No internet service,No internet service,No internet service,No internet service,No internet service,One year,Yes,Credit card (automatic),20.35,695.85,3526,25-48 Months,0,0.09034711496621081,0,9.03,Low Risk,Monitor
7928-VJYAB,Male,No,Yes,Yes,11,Yes,No,Fiber optic,No,No,No,No,Yes,Yes,Month-to-month,No,Electronic check,90.6,1020.2,2004,0-12 Months,0,0.5870235146538719,0,58.7,Medium Risk,Monitor
1522-VVDMG,Male,No,Yes,No,7,Yes,No,Fiber optic,No,Yes,No,Yes,Yes,No,Month-to-month,Yes,Electronic check,89.75,608.8,3807,0-12 Months,1,0.8498109540407123,1,84.98,High Risk,Contract upgrade + Security offer
2665-NPTGL,Female,Yes,Yes,No,26,Yes,Yes,Fiber optic,No,No,Yes,No,Yes,Yes,Month-to-month,Yes,Bank transfer (automatic),98.1,2510.7,3114,25-48 Months,0,0.8523786039424511,1,85.24,High Risk,Contract upgrade + Security offer
8728-SKJLR,Male,No,No,No,41,Yes,No,Fiber optic,No,No,No,Yes,No,No,Month-to-month,Yes,Electronic check,74.25,3089.1,3277,25-48 Months,0,0.566253922428708,0,56.63,Medium Risk,Monitor
7733-UDMTP,Female,Yes,No,No,57,No,No phone service,DSL,No,Yes,Yes,No,Yes,Yes,Month-to-month,Yes,Electronic check,55.0,3094.05,4622,49+ Months,0,0.4827303430140802,0,48.27,Medium Risk,Monitor
0431-APWVY,Female,No,Yes,No,28,Yes,No,Fiber optic,No,No,No,No,Yes,Yes,One year,Yes,Bank transfer (automatic),90.1,2598.95,5958,25-48 Months,1,0.6660342877697922,1,66.6,High Risk,Promote Online Security
5081-NWSUP,Female,No,No,No,10,Yes,No,DSL,No,Yes,No,Yes,No,Yes,One year,No,Mailed check,64.9,685.55,4883,0-12 Months,0,0.3056828245989427,0,30.57,Low Risk,Monitor
2746-DIJLO,Female,No,No,No,41,Yes,Yes,DSL,No,Yes,No,No,No,No,One year,Yes,Credit card (automatic),56.3,2364.0,2994,25-48 Months,0,0.20049355908481095,0,20.05,Low Risk,Monitor
7277-OZCGZ,Female,No,No,No,22,Yes,No,Fiber optic,Yes,No,No,Yes,No,Yes,Month-to-month,Yes,Electronic check,89.05,1886.25,5479,13-24 Months,0,0.6879580476041418,1,68.8,High Risk,Contract upgrade + Payment review
5236-PERKL,Female,No,No,No,57,Yes,Yes,Fiber optic,Yes,Yes,Yes,No,Yes,Yes,Two year,Yes,Bank transfer (automatic),112.95,6465.0,4738,49+ Months,1,0.23066981859315958,0,23.07,Low Risk,Monitor
2788-CJQAQ,Male,No,No,No,13,Yes,No,No,No internet service,No internet service,No internet service,No internet service,No internet service,No internet service,One year,No,Mailed check,19.45,270.2,3799,13-24 Months,0,0.1781988533028818,0,17.82,Low Risk,Monitor
3096-WPXBT,Female,No,Yes,Yes,61,Yes,Yes,Fiber optic,Yes,Yes,Yes,No,No,Yes,One year,Yes,Credit card (automatic),100.7,6018.65,4804,49+ Months,0,0.08252387784966364,0,8.25,Low Risk,Monitor
9962-BFPDU,Female,No,Yes,Yes,1,Yes,No,No,No internet service,No internet service,No internet service,No internet service,No internet service,No internet service,Month-to-month,No,Mailed check,20.05,20.05,5811,0-12 Months,0,0.17379645176455877,0,17.38,Low Risk,Monitor
2892-GESUL,Female,No,Yes,Yes,18,Yes,No,No,No internet service,No internet service,No internet service,No internet service,No internet service,No internet service,Two year,No,Mailed check,19.35,309.25,2269,13-24 Months,0,0.02211226500498216,0,2.21,Low Risk,Monitor
9741-YLNTD,Male,No,No,No,6,Yes,Yes,Fiber optic,No,No,No,Yes,No,Yes,Month-to-month,Yes,Bank transfer (automatic),87.95,522.35,2684,0-12 Months,0,0.8201829516047405,1,82.02,High Risk,Contract upgrade + Security offer
1205-WNWPJ,Female,No,No,No,7,Yes,No,DSL,No,No,No,Yes,Yes,No,Month-to-month,Yes,Mailed check,59.5,415.95,4661,0-12 Months,1,0.6223558703423455,1,62.24,High Risk,Contract upgrade + Security offer
3173-NVMPX,Female,No,Yes,Yes,9,Yes,Yes,DSL,No,Yes,No,No,No,No,Month-to-month,Yes,Mailed check,55.3,501.2,4291,0-12 Months,0,0.33182101724839613,0,33.18,Low Risk,Monitor
9661-MHUMO,Male,Yes,Yes,Yes,1,Yes,No,DSL,No,No,No,Yes,No,No,Month-to-month,Yes,Credit card (automatic),49.25,49.25,4478,0-12 Months,1,0.3024680038940113,0,30.25,Low Risk,Monitor
6000-APYLU,Male,No,No,No,9,Yes,No,Fiber optic,No,No,No,No,No,Yes,Month-to-month,Yes,Electronic check,80.8,713.1,3890,0-12 Months,1,0.867522372558292,1,86.75,High Risk,Contract upgrade + Security offer
0048-PIHNL,Female,No,Yes,No,49,Yes,No,No,No internet service,No internet service,No internet service,No internet service,No internet service,No internet service,One year,No,Bank transfer (automatic),20.45,900.9,6061,49+ Months,0,0.0516889601645,0,5.17,Low Risk,Monitor
9420-LOJKX,Female,No,No,Yes,15,Yes,No,Fiber optic,Yes,Yes,No,No,Yes,Yes,Month-to-month,Yes,Credit card (automatic),99.1,1426.4,2966,13-24 Months,1,0.34628557145288574,0,34.63,Low Risk,Monitor
7061-OVMIM,Female,No,Yes,No,30,Yes,No,No,No internet service,No internet service,No internet service,No internet service,No internet service,No internet service,One year,No,Bank transfer (automatic),19.55,608.5,5203,25-48 Months,0,0.11471138476354804,0,11.47,Low Risk,Monitor
5671-RQRLP,Female,Yes,Yes,No,70,Yes,Yes,Fiber optic,No,No,No,No,No,No,Two year,Yes,Credit card (automatic),75.65,5411.4,4181,49+ Months,0,0.17068097779869965,0,17.07,Low Risk,Monitor
5129-JLPIS,Male,No,No,No,25,Yes,No,Fiber optic,Yes,No,Yes,Yes,Yes,Yes,Month-to-month,Yes,Electronic check,105.5,2686.05,5822,25-48 Months,0,0.7246921419398501,1,72.47,High Risk,Contract upgrade + Payment review
5170-PTRKA,Female,No,Yes,No,49,No,No phone service,DSL,Yes,No,No,Yes,No,No,One year,Yes,Credit card (automatic),35.8,1782.0,4865,49+ Months,0,0.13158911781417545,0,13.16,Low Risk,Monitor
4819-HJPIW,Male,No,No,No,18,No,No phone service,DSL,No,No,No,No,No,No,Month-to-month,No,Mailed check,25.15,476.8,2675,13-24 Months,0,0.5796755166395701,0,57.97,Medium Risk,Monitor
8780-RSYYU,Female,No,No,No,25,Yes,No,No,No internet service,No internet service,No internet service,No internet service,No internet service,No internet service,Month-to-month,Yes,Credit card (automatic),19.2,532.1,2159,25-48 Months,0,0.2590403458932788,0,25.9,Low Risk,Monitor
2335-GSODA,Male,No,No,Yes,23,No,No phone service,DSL,Yes,No,Yes,Yes,No,No,Two year,No,Mailed check,40.1,857.75,2327,13-24 Months,0,0.024356440703279997,0,2.44,Low Risk,Monitor
5696-CEIQJ,Male,No,Yes,Yes,67,Yes,No,Fiber optic,No,Yes,Yes,Yes,Yes,Yes,Two year,No,Bank transfer (automatic),103.15,6895.5,4376,49+ Months,0,0.032979353451907584,0,3.3,Low Risk,Monitor
6169-PPETC,Male,No,Yes,Yes,35,Yes,No,No,No internet service,No internet service,No internet service,No internet service,No internet service,No internet service,Two year,No,Bank transfer (automatic),20.5,759.35,2009,25-48 Months,0,0.010392178972196976,0,1.04,Low Risk,Monitor
4237-RLAQD,Male,No,No,No,1,Yes,No,DSL,No,No,No,No,No,No,Month-to-month,Yes,Mailed check,45.85,45.85,5930,0-12 Months,1,0.7078004530987447,1,70.78,High Risk,Contract upgrade + Security offer
7359-WWYJV,Male,No,Yes,No,72,Yes,Yes,Fiber optic,Yes,Yes,Yes,Yes,Yes,Yes,Two year,No,Credit card (automatic),114.45,8375.05,6274,49+ Months,0,0.14092115006711642,0,14.09,Low Risk,Monitor
8620-RJPZN,Female,No,No,No,1,Yes,No,No,No internet service,No internet service,No internet service,No internet service,No internet service,No internet service,Month-to-month,No,Electronic check,20.7,20.7,3061,0-12 Months,0,0.5222492164629114,0,52.22,Medium Risk,Monitor
7426-WEIJX,Male,Yes,Yes,Yes,60,Yes,Yes,Fiber optic,Yes,No,No,No,No,No,Month-to-month,Yes,Electronic check,80.95,4859.1,6214,49+ Months,0,0.2037847279522857,0,20.38,Low Risk,Monitor
7629-WIXZF,Female,No,No,No,7,Yes,No,DSL,Yes,No,No,No,No,Yes,One year,Yes,Electronic check,59.1,369.25,4770,0-12 Months,0,0.5133456117299895,0,51.33,Medium Risk,Monitor
2616-FLVQC,Male,No,No,No,64,Yes,No,No,No internet service,No internet service,No internet service,No internet service,No internet service,No internet service,Two year,No,Mailed check,19.55,1240.15,6036,49+ Months,0,0.012247237944936781,0,1.22,Low Risk,Monitor
9163-GHAYE,Female,No,No,No,15,Yes,No,DSL,No,Yes,No,No,No,No,Month-to-month,No,Electronic check,48.85,736.8,5584,13-24 Months,0,0.5625184273194341,0,56.25,Medium Risk,Monitor
4464-JCOLN,Male,No,Yes,No,2,Yes,No,No,No internet service,No internet service,No internet service,No internet service,No internet service,No internet service,One year,No,Mailed check,19.85,35.9,2362,0-12 Months,1,0.3104536693259588,0,31.05,Low Risk,Monitor
2971-SGAFL,Female,No,No,No,13,Yes,Yes,DSL,Yes,No,Yes,No,Yes,Yes,Month-to-month,Yes,Electronic check,78.75,995.35,5631,13-24 Months,0,0.7504783676116702,1,75.05,High Risk,Contract upgrade + Tech Support
4735-ASGMA,Male,No,No,No,26,Yes,Yes,Fiber optic,No,No,Yes,No,Yes,Yes,Month-to-month,Yes,Electronic check,98.35,2515.3,4997,25-48 Months,1,0.8698801350352071,1,86.99,High Risk,Contract upgrade + Security offer
5245-VDBUR,Female,No,Yes,No,52,No,No phone service,DSL,Yes,No,Yes,No,No,No,One year,No,Mailed check,35.45,1958.95,5509,49+ Months,0,0.1233022044169362,0,12.33,Low Risk,Monitor
1493-AMTIE,Male,No,No,No,1,Yes,No,No,No internet service,No internet service,No internet service,No internet service,No internet service,No internet service,Month-to-month,Yes,Bank transfer (automatic),20.2,20.2,5394,0-12 Months,1,0.5234837890963228,0,52.35,Medium Risk,Monitor
1112-CUNAO,Female,Yes,No,No,15,Yes,Yes,Fiber optic,No,Yes,No,No,No,Yes,Month-to-month,No,Electronic check,89.85,1424.95,2668,13-24 Months,1,0.8213788125699842,1,82.14,High Risk,Contract upgrade + Security offer
7571-YXDAD,Female,No,No,No,2,Yes,Yes,Fiber optic,No,No,No,No,No,No,Month-to-month,No,Credit card (automatic),74.9,147.15,2078,0-12 Months,1,0.7947611714000145,1,79.48,High Risk,Contract upgrade + Security offer
8714-EUHJO,Female,No,Yes,No,31,Yes,Yes,Fiber optic,No,Yes,No,No,No,Yes,Month-to-month,Yes,Electronic check,91.15,2995.45,5219,25-48 Months,1,0.8427883489815713,1,84.28,High Risk,Contract upgrade + Security offer
9040-KZVWO,Male,No,No,No,26,Yes,No,Fiber optic,No,Yes,No,No,No,No,One year,No,Bank transfer (automatic),75.5,2018.1,5184,25-48 Months,0,0.37544246917678586,0,37.54,Low Risk,Monitor
6713-OKOMC,Female,No,No,No,10,No,No phone service,DSL,Yes,No,No,No,No,No,Month-to-month,No,Mailed check,29.75,301.9,2013,0-12 Months,0,0.5626452554104363,0,56.26,Medium Risk,Monitor
8749-CLJXC,Male,No,No,No,1,Yes,No,No,No internet service,No internet service,No internet service,No internet service,No internet service,No internet service,Month-to-month,No,Mailed check,20.05,20.05,2067,0-12 Months,0,0.4372602675517593,0,43.73,Medium Risk,Monitor
4713-LZDRV,Female,Yes,No,No,2,Yes,No,Fiber optic,No,No,No,No,No,Yes,Month-to-month,Yes,Electronic check,79.6,195.05,4322,0-12 Months,1,0.8947957213875042,1,89.48,High Risk,Contract upgrade + Security offer
6598-RFFVI,Male,No,No,No,2,Yes,No,No,No internet service,No internet service,No internet service,No internet service,No internet service,No internet service,One year,No,Credit card (automatic),19.3,28.3,2279,0-12 Months,1,0.24706808858588078,0,24.71,Low Risk,Monitor
7470-MCQTK,Female,No,Yes,No,13,No,No phone service,DSL,No,No,Yes,No,Yes,Yes,Month-to-month,Yes,Bank transfer (automatic),48.75,633.4,2655,13-24 Months,1,0.8223658029169993,1,82.24,High Risk,Contract upgrade + Security offer
5524-KHNJP,Male,No,Yes,No,33,Yes,No,DSL,Yes,No,Yes,No,Yes,Yes,One year,No,Credit card (automatic),74.75,2453.3,5344,25-48 Months,0,0.26085312834393165,0,26.09,Low Risk,Monitor
1707-HABPF,Female,Yes,No,No,46,Yes,No,Fiber optic,No,Yes,Yes,No,Yes,No,One year,Yes,Bank transfer (automatic),91.3,4126.35,3191,25-48 Months,0,0.35026953768004576,0,35.03,Low Risk,Monitor
4581-LNWUM,Female,No,No,No,13,No,No phone service,DSL,No,No,Yes,No,Yes,Yes,Month-to-month,No,Electronic check,49.15,649.4,3000,13-24 Months,0,0.7912475598767237,1,79.12,High Risk,Contract upgrade + Security offer
9710-ZUSHQ,Female,Yes,No,No,37,Yes,Yes,Fiber optic,Yes,Yes,No,No,Yes,Yes,Month-to-month,Yes,Bank transfer (automatic),106.75,4056.75,5849,25-48 Months,1,0.6879068010868079,1,68.79,High Risk,Contract upgrade + Tech Support
1697-LYYYX,Female,No,Yes,Yes,61,Yes,No,No,No internet service,No internet service,No internet service,No internet service,No internet service,No internet service,One year,No,Credit card (automatic),19.1,1143.8,4376,49+ Months,0,0.006097307794159824,0,0.61,Low Risk,Monitor
4013-GUXND,Male,No,No,No,1,Yes,No,No,No internet service,No internet service,No internet service,No internet service,No internet service,No internet service,Month-to-month,No,Mailed check,20.8,20.8,3678,0-12 Months,0,0.44161484093891973,0,44.16,Medium Risk,Monitor
5022-JNQEQ,Female,No,Yes,Yes,9,Yes,No,Fiber optic,No,No,No,Yes,No,No,Month-to-month,Yes,Electronic check,75.85,647.5,4843,0-12 Months,0,0.48079986511797285,0,48.08,Medium Risk,Monitor
4983-CCWMC,Male,No,No,No,3,Yes,No,Fiber optic,No,No,No,No,No,No,Month-to-month,Yes,Mailed check,69.6,207.4,5487,0-12 Months,0,0.8216127137374906,1,82.16,High Risk,Contract upgrade + Security offer
6345-FZOQH,Male,No,Yes,No,69,Yes,No,No,No internet service,No internet service,No internet service,No internet service,No internet service,No internet service,Two year,No,Mailed check,19.9,1363.45,5570,49+ Months,0,0.012803874718558591,0,1.28,Low Risk,Monitor
0962-CQPWQ,Female,No,Yes,Yes,62,Yes,No,No,No internet service,No internet service,No internet service,No internet service,No internet service,No internet service,Two year,No,Bank transfer (automatic),20.3,1296.15,4574,49+ Months,0,0.003223312881881605,0,0.32,Low Risk,Monitor
5495-GPSRW,Male,No,No,No,20,Yes,No,No,No internet service,No internet service,No internet service,No internet service,No internet service,No internet service,Two year,Yes,Mailed check,19.7,419.4,2120,13-24 Months,0,0.10201362778451091,0,10.2,Low Risk,Monitor
2252-JHJGE,Male,No,No,No,61,Yes,Yes,Fiber optic,Yes,No,Yes,No,Yes,Yes,One year,No,Electronic check,104.0,6363.45,4344,49+ Months,0,0.37850071802718005,0,37.85,Low Risk,Monitor
7356-AYNJP,Female,No,No,No,4,Yes,Yes,No,No internet service,No internet service,No internet service,No internet service,No internet service,No internet service,One year,No,Electronic check,23.9,97.5,5685,0-12 Months,0,0.37889287745298866,0,37.89,Low Risk,Monitor
2019-HDCZY,Male,No,Yes,No,63,Yes,Yes,Fiber optic,No,No,Yes,No,Yes,Yes,Two year,No,Electronic check,102.6,6296.75,4004,49+ Months,0,0.34784746808573314,0,34.78,Low Risk,Monitor
8582-KRHPJ,Male,No,No,No,50,No,No phone service,DSL,Yes,Yes,No,No,No,No,Month-to-month,Yes,Mailed check,35.0,1782.4,5629,49+ Months,0,0.24663518126110562,0,24.66,Low Risk,Monitor
2867-UIMSS,Male,No,No,No,1,Yes,No,Fiber optic,No,No,No,No,No,Yes,Month-to-month,No,Electronic check,80.5,80.5,2734,0-12 Months,1,0.8578510669185773,1,85.79,High Risk,Contract upgrade + Security offer
3487-EARAT,Female,No,Yes,No,70,Yes,No,DSL,Yes,Yes,Yes,Yes,No,Yes,One year,No,Credit card (automatic),74.1,5222.3,6325,49+ Months,0,0.04983628419752704,0,4.98,Low Risk,Monitor
9926-PJHDQ,Female,No,Yes,No,72,Yes,Yes,DSL,No,No,Yes,No,Yes,Yes,Two year,Yes,Bank transfer (automatic),76.8,5468.45,5120,49+ Months,0,0.11852104619283166,0,11.85,Low Risk,Monitor
0289-IVARM,Female,No,No,No,35,Yes,No,DSL,Yes,Yes,Yes,No,No,No,Month-to-month,No,Electronic check,60.55,1982.6,3463,25-48 Months,0,0.2723577980591896,0,27.24,Low Risk,Monitor
4672-FOTSD,Male,No,No,No,12,Yes,Yes,DSL,Yes,Yes,No,Yes,No,No,Month-to-month,Yes,Electronic check,67.25,832.3,4334,0-12 Months,0,0.546381273906304,0,54.64,Medium Risk,Monitor
6198-PNNSZ,Female,No,Yes,No,56,Yes,Yes,Fiber optic,Yes,Yes,Yes,No,Yes,Yes,One year,No,Bank transfer (automatic),109.8,6109.65,5648,49+ Months,0,0.35868259908397293,0,35.87,Low Risk,Monitor
7603-USHJS,Male,No,No,Yes,12,Yes,Yes,Fiber optic,No,No,No,No,No,No,Month-to-month,Yes,Credit card (automatic),73.75,871.4,2010,0-12 Months,1,0.439278075468402,0,43.93,Medium Risk,Monitor
6784-XYJAE,Female,No,No,No,36,Yes,Yes,DSL,No,No,Yes,No,No,No,One year,No,Electronic check,55.8,1941.5,4770,25-48 Months,0,0.26470728012059197,0,26.47,Low Risk,Monitor
3858-XHYJO,Female,No,Yes,No,40,Yes,Yes,Fiber optic,Yes,No,Yes,No,Yes,Yes,One year,No,Bank transfer (automatic),105.75,4228.55,4078,25-48 Months,0,0.47203043437246295,0,47.2,Medium Risk,Monitor
1087-UDSIH,Female,No,No,No,3,Yes,No,No,No internet service,No internet service,No internet service,No internet service,No internet service,No internet service,Month-to-month,Yes,Mailed check,19.6,59.75,5000,0-12 Months,1,0.5038085699673674,0,50.38,Medium Risk,Monitor
7251-LJBQN,Female,Yes,No,No,40,Yes,Yes,Fiber optic,No,No,Yes,Yes,Yes,Yes,One year,Yes,Credit card (automatic),103.75,4188.4,3568,25-48 Months,0,0.5002693240573546,0,50.03,Medium Risk,Monitor
3200-MNQTF,Male,No,Yes,No,67,Yes,Yes,DSL,Yes,Yes,Yes,Yes,No,No,Two year,No,Credit card (automatic),70.9,4677.1,4361,49+ Months,0,0.02770570452818633,0,2.77,Low Risk,Monitor
9359-UGBTK,Female,No,No,No,67,Yes,No,DSL,Yes,No,Yes,Yes,No,Yes,One year,Yes,Bank transfer (automatic),72.35,4991.5,4910,49+ Months,0,0.060523462693912476,0,6.05,Low Risk,Monitor
8160-HOWOX,Female,No,No,No,7,Yes,No,DSL,No,No,No,No,Yes,Yes,Month-to-month,Yes,Electronic check,66.85,458.1,4858,0-12 Months,0,0.8038789426121316,1,80.39,High Risk,Contract upgrade + Security offer
0258-NOKBL,Male,No,No,No,3,Yes,No,Fiber optic,No,Yes,Yes,No,No,Yes,Month-to-month,No,Electronic check,90.4,268.45,5625,0-12 Months,0,0.8307060909498905,1,83.07,High Risk,Contract upgrade + Security offer
2800-QQUSO,Male,No,No,No,42,Yes,Yes,Fiber optic,No,No,No,Yes,Yes,Yes,Month-to-month,Yes,Electronic check,100.3,4222.95,3286,25-48 Months,0,0.7562484391276911,1,75.62,High Risk,Contract upgrade + Security offer
2129-ALKBS,Female,No,Yes,Yes,40,Yes,Yes,No,No internet service,No internet service,No internet service,No internet service,No internet service,No internet service,Month-to-month,Yes,Electronic check,26.2,1077.5,2211,25-48 Months,0,0.08337105661941427,0,8.34,Low Risk,Monitor
9972-VAFJJ,Female,Yes,Yes,No,53,Yes,No,Fiber optic,No,Yes,Yes,Yes,Yes,No,One year,Yes,Electronic check,94.0,4871.45,6355,49+ Months,0,0.4069576889058348,0,40.7,Medium Risk,Monitor
4693-VWVBO,Female,No,No,No,3,Yes,No,No,No internet service,No internet service,No internet service,No internet service,No internet service,No internet service,Month-to-month,No,Electronic check,19.55,61.05,3889,0-12 Months,0,0.5091588161923529,0,50.92,Medium Risk,Monitor
6969-MVBAI,Female,Yes,No,No,9,Yes,Yes,Fiber optic,No,No,Yes,No,Yes,No,Month-to-month,Yes,Electronic check,90.1,816.8,2893,0-12 Months,0,0.8873367116476417,1,88.73,High Risk,Contract upgrade + Security offer
4821-WQOYN,Female,No,Yes,Yes,72,Yes,No,No,No internet service,No internet service,No internet service,No internet service,No internet service,No internet service,Two year,Yes,Credit card (automatic),20.1,1326.25,4603,49+ Months,0,0.0027167894795491225,0,0.27,Low Risk,Monitor
6769-DYBQN,Male,Yes,No,No,46,Yes,No,Fiber optic,Yes,No,No,No,No,Yes,Month-to-month,No,Electronic check,85.0,3969.4,2097,25-48 Months,1,0.519111644750314,0,51.91,Medium Risk,Monitor
4018-PPNDW,Female,No,Yes,No,61,Yes,Yes,No,No internet service,No internet service,No internet service,No internet service,No internet service,No internet service,Two year,Yes,Mailed check,24.1,1551.6,5970,49+ Months,0,0.03400015844299181,0,3.4,Low Risk,Monitor
6288-CHQJB,Female,No,Yes,No,54,Yes,No,DSL,Yes,No,Yes,Yes,No,Yes,Two year,No,Bank transfer (automatic),69.95,3871.85,5077,49+ Months,0,0.049177673093666455,0,4.92,Low Risk,Monitor
4905-JEFDW,Male,No,No,No,11,No,No phone service,DSL,No,No,Yes,No,Yes,No,One year,Yes,Electronic check,41.6,470.6,3119,0-12 Months,1,0.6635186204538372,1,66.35,High Risk,Promote Online Security
0559-CKHUS,Female,No,Yes,No,29,Yes,No,No,No internet service,No internet service,No internet service,No internet service,No internet service,No internet service,Two year,Yes,Mailed check,19.55,521.8,5758,25-48 Months,0,0.09375353667734912,0,9.38,Low Risk,Monitor
2659-VXMWZ,Male,No,Yes,No,67,Yes,Yes,Fiber optic,Yes,Yes,Yes,No,Yes,Yes,One year,Yes,Electronic check,111.3,7482.1,4146,49+ Months,1,0.4656147663854537,0,46.56,Medium Risk,Monitor
6559-RAKOZ,Male,No,Yes,Yes,49,Yes,Yes,Fiber optic,No,No,No,Yes,Yes,Yes,One year,Yes,Electronic check,97.95,4917.9,4301,49+ Months,0,0.24285035628193397,0,24.29,Low Risk,Monitor
8809-XKHMD,Male,No,Yes,No,72,Yes,Yes,Fiber optic,Yes,Yes,No,Yes,No,Yes,Two year,Yes,Bank transfer (automatic),100.55,7325.1,6082,49+ Months,0,0.1331565255506533,0,13.32,Low Risk,Monitor
6365-HITVU,Female,No,Yes,Yes,71,Yes,No,DSL,Yes,Yes,Yes,Yes,Yes,Yes,Two year,No,Credit card (automatic),87.25,6328.7,4135,49+ Months,0,0.007419841004328067,0,0.74,Low Risk,Monitor
0134-XWXCE,Female,Yes,No,No,44,Yes,No,DSL,No,No,Yes,Yes,Yes,Yes,One year,No,Bank transfer (automatic),74.85,3268.05,3253,25-48 Months,0,0.15825972721458295,0,15.83,Low Risk,Monitor
9720-JJJOR,Male,No,Yes,No,41,Yes,No,DSL,Yes,Yes,Yes,No,No,No,One year,Yes,Bank transfer (automatic),60.3,2511.3,4565,25-48 Months,0,0.15527795593347377,0,15.53,Low Risk,Monitor
2782-LFZVW,Female,No,No,No,11,Yes,Yes,DSL,No,No,No,No,No,Yes,Month-to-month,Yes,Mailed check,58.95,601.6,3880,0-12 Months,0,0.7239093192918546,1,72.39,High Risk,Contract upgrade + Security offer
6112-KTHFQ,Female,No,No,No,13,Yes,No,No,No internet service,No internet service,No internet service,No internet service,No internet service,No internet service,Month-to-month,Yes,Mailed check,19.3,279.3,5917,13-24 Months,0,0.4005197109075531,0,40.05,Medium Risk,Monitor
9220-ZNKJI,Female,Yes,Yes,No,55,Yes,No,Fiber optic,No,No,Yes,Yes,Yes,No,Two year,No,Credit card (automatic),88.8,4805.3,4291,49+ Months,0,0.15148101075239917,0,15.15,Low Risk,Monitor
9820-RMCQV,Female,No,No,No,11,Yes,No,DSL,Yes,No,No,No,No,No,Month-to-month,No,Credit card (automatic),48.55,501.0,4444,0-12 Months,1,0.4320649157047359,0,43.21,Medium Risk,Monitor
9013-AQORL,Female,No,No,Yes,48,No,No phone service,DSL,No,Yes,Yes,No,No,Yes,Month-to-month,No,Credit card (automatic),45.55,2108.35,4106,25-48 Months,0,0.07925276775084185,0,7.93,Low Risk,Monitor
2040-OBMLJ,Male,No,No,No,31,Yes,Yes,Fiber optic,No,No,No,Yes,No,No,One year,No,Credit card (automatic),81.7,2548.65,4850,25-48 Months,0,0.34632414290258606,0,34.63,Low Risk,Monitor
5574-NXZIU,Male,No,No,No,63,Yes,No,Fiber optic,Yes,Yes,Yes,Yes,Yes,Yes,Two year,No,Credit card (automatic),109.2,7049.75,4273,49+ Months,0,0.09799574725093789,0,9.8,Low Risk,Monitor
5446-DKWYW,Female,Yes,Yes,Yes,61,Yes,Yes,DSL,No,No,Yes,No,Yes,No,One year,Yes,Electronic check,65.2,3965.05,6238,49+ Months,0,0.07150061876980524,0,7.15,Low Risk,Monitor
0480-KYJVA,Female,No,Yes,Yes,72,Yes,Yes,No,No internet service,No internet service,No internet service,No internet service,No internet service,No internet service,Two year,No,Credit card (automatic),24.25,1784.5,5897,49+ Months,0,0.0029222783496021115,0,0.29,Low Risk,Monitor
1074-AMIOH,Female,No,Yes,Yes,53,Yes,No,Fiber optic,No,Yes,Yes,Yes,Yes,Yes,Month-to-month,Yes,Bank transfer (automatic),108.25,5935.1,5989,49+ Months,0,0.22002542841449724,0,22.0,Low Risk,Monitor
0015-UOCOJ,Female,Yes,No,No,7,Yes,No,DSL,Yes,No,No,No,No,No,Month-to-month,Yes,Electronic check,48.2,340.35,5525,0-12 Months,0,0.660612075129779,1,66.06,High Risk,Contract upgrade + Tech Support
0256-LTHVJ,Female,No,Yes,No,28,Yes,No,Fiber optic,No,No,No,No,No,Yes,Month-to-month,Yes,Electronic check,81.05,2227.1,5201,25-48 Months,1,0.8251803700188212,1,82.52,High Risk,Contract upgrade + Security offer
4547-LYTDD,Female,No,No,No,16,Yes,Yes,Fiber optic,No,No,No,No,No,No,Month-to-month,No,Electronic check,72.65,1194.3,2850,13-24 Months,1,0.7953105352220821,1,79.53,High Risk,Contract upgrade + Security offer
1077-HUUJM,Female,No,No,Yes,7,Yes,No,Fiber optic,No,No,No,No,No,No,Month-to-month,Yes,Electronic check,71.05,472.65,4668,0-12 Months,0,0.5126453255102029,0,51.26,Medium Risk,Monitor
2041-JIJCI,Female,No,No,No,5,Yes,Yes,DSL,No,Yes,No,No,No,Yes,Month-to-month,Yes,Electronic check,64.0,370.25,4421,0-12 Months,0,0.8074354353842647,1,80.74,High Risk,Contract upgrade + Security offer
1555-HAPSU,Female,No,Yes,Yes,71,Yes,Yes,No,No internet service,No internet service,No internet service,No internet service,No internet service,No internet service,Two year,No,Credit card (automatic),23.9,1663.5,5471,49+ Months,0,0.002983135846280127,0,0.3,Low Risk,Monitor
4323-SADQS,Male,No,Yes,Yes,7,No,No phone service,DSL,Yes,No,No,Yes,No,No,Month-to-month,Yes,Electronic check,34.5,279.25,3520,0-12 Months,1,0.36055115726398623,0,36.06,Low Risk,Monitor
3292-PBZEJ,Male,Yes,No,No,11,Yes,Yes,Fiber optic,No,Yes,Yes,Yes,Yes,Yes,Month-to-month,Yes,Electronic check,111.4,1183.05,3175,0-12 Months,0,0.8563851742796961,1,85.64,High Risk,Contract upgrade + Security offer
6203-HBZPA,Male,No,No,No,52,No,No phone service,DSL,Yes,Yes,Yes,Yes,Yes,Yes,Two year,No,Credit card (automatic),63.9,3334.95,5380,49+ Months,0,0.06835889490179767,0,6.84,Low Risk,Monitor
9755-JHNMN,Female,No,No,No,49,Yes,No,DSL,Yes,Yes,Yes,Yes,No,No,Two year,No,Bank transfer (automatic),67.4,3306.85,5075,49+ Months,0,0.028368311058678083,0,2.84,Low Risk,Monitor
7369-TRPFD,Male,No,No,No,19,Yes,No,No,No internet service,No internet service,No internet service,No internet service,No internet service,No internet service,One year,No,Mailed check,18.8,279.2,2916,13-24 Months,0,0.13876206435824462,0,13.88,Low Risk,Monitor
9878-TNQGW,Male,No,No,No,2,Yes,No,Fiber optic,No,No,No,No,No,Yes,Month-to-month,Yes,Electronic check,80.95,171.15,3533,0-12 Months,1,0.8903315833754728,1,89.03,High Risk,Contract upgrade + Security offer
2279-AXJJK,Male,No,Yes,No,52,Yes,Yes,Fiber optic,No,Yes,No,Yes,No,Yes,Month-to-month,Yes,Credit card (automatic),95.65,5088.4,4465,49+ Months,0,0.5916052476975174,0,59.16,Medium Risk,Monitor
5016-IBERQ,Male,No,Yes,No,23,Yes,Yes,Fiber optic,No,Yes,Yes,No,No,No,Month-to-month,No,Electronic check,84.25,1968.1,2781,13-24 Months,0,0.7773207404629012,1,77.73,High Risk,Contract upgrade + Security offer
1016-DJTSV,Male,Yes,No,No,8,Yes,No,Fiber optic,No,No,No,No,No,No,Month-to-month,Yes,Electronic check,69.7,572.85,5242,0-12 Months,0,0.8511911918112397,1,85.12,High Risk,Contract upgrade + Security offer
8433-WPJTV,Female,Yes,Yes,Yes,65,Yes,Yes,Fiber optic,No,No,Yes,Yes,Yes,Yes,One year,Yes,Bank transfer (automatic),103.9,6767.1,5669,49+ Months,0,0.12304182492131784,0,12.3,Low Risk,Monitor
8903-XEBGX,Male,No,No,Yes,2,Yes,No,DSL,No,No,No,No,No,Yes,Month-to-month,Yes,Electronic check,55.3,108.65,4594,0-12 Months,0,0.4478871750373917,0,44.79,Medium Risk,Monitor
2632-TACXW,Female,No,Yes,No,62,Yes,Yes,No,No internet service,No internet service,No internet service,No internet service,No internet service,No internet service,Two year,No,Bank transfer (automatic),23.65,1416.75,4671,49+ Months,0,0.022006890060231068,0,2.2,Low Risk,Monitor
7952-OBOYL,Male,No,No,No,3,Yes,No,Fiber optic,No,No,Yes,Yes,Yes,No,Month-to-month,Yes,Mailed check,89.85,244.45,4096,0-12 Months,0,0.7848668344764399,1,78.49,High Risk,Contract upgrade + Security offer
1470-PSXNM,Male,No,Yes,Yes,49,Yes,Yes,Fiber optic,No,Yes,Yes,No,Yes,No,One year,Yes,Electronic check,93.65,4520.15,5542,49+ Months,0,0.2150265099779654,0,21.5,Low Risk,Monitor
6227-HWPWX,Female,No,No,No,15,Yes,No,Fiber optic,No,No,No,No,No,No,Month-to-month,No,Bank transfer (automatic),69.0,994.8,5671,13-24 Months,1,0.6786405798064604,1,67.86,High Risk,Contract upgrade + Security offer
5924-SNGKP,Female,No,No,No,41,Yes,No,No,No internet service,No internet service,No internet service,No internet service,No internet service,No internet service,One year,Yes,Credit card (automatic),20.25,865.0,3972,25-48 Months,0,0.07356298376557432,0,7.36,Low Risk,Monitor
8818-DOPVL,Female,Yes,No,No,46,Yes,Yes,Fiber optic,No,Yes,Yes,No,Yes,Yes,Month-to-month,Yes,Electronic check,104.45,4863.85,4103,25-48 Months,0,0.7780457285950332,1,77.8,High Risk,Contract upgrade + Security offer
4521-WFJAI,Male,No,No,No,56,Yes,Yes,No,No internet service,No internet service,No internet service,No internet service,No internet service,No internet service,Two year,Yes,Bank transfer (automatic),25.95,1444.05,4246,49+ Months,0,0.029959267734390446,0,3.0,Low Risk,Monitor
4724-WXVWF,Male,No,No,No,48,Yes,Yes,Fiber optic,Yes,No,No,Yes,No,Yes,Month-to-month,Yes,Electronic check,95.4,4445.3,4334,25-48 Months,0,0.5762079005977175,0,57.62,Medium Risk,Monitor
3717-OEAUQ,Male,No,No,No,2,Yes,No,Fiber optic,No,No,No,No,No,No,Month-to-month,No,Mailed check,70.7,129.2,2388,0-12 Months,0,0.7615507367912876,1,76.16,High Risk,Contract upgrade + Security offer
8165-ZJRNM,Female,No,Yes,Yes,72,Yes,Yes,No,No internet service,No internet service,No internet service,No internet service,No internet service,No internet service,Two year,No,Bank transfer (automatic),23.75,1679.25,4923,49+ Months,0,0.0028603372327334754,0,0.29,Low Risk,Monitor
7838-LAZFO,Male,No,Yes,No,45,Yes,No,DSL,Yes,Yes,Yes,No,Yes,Yes,One year,No,Bank transfer (automatic),78.8,3597.5,4192,25-48 Months,0,0.1799462424650695,0,17.99,Low Risk,Monitor
0513-RBGPE,Male,No,Yes,No,37,Yes,Yes,DSL,Yes,No,Yes,Yes,No,No,Two year,Yes,Credit card (automatic),62.8,2278.75,5229,25-48 Months,0,0.1112562021873875,0,11.13,Low Risk,Monitor
7251-XFOIL,Female,No,No,No,61,Yes,Yes,Fiber optic,No,No,Yes,No,No,Yes,Month-to-month,No,Mailed check,89.2,5500.6,5536,49+ Months,0,0.4801632807471203,0,48.02,Medium Risk,Monitor
2525-GVKQU,Female,No,No,No,60,Yes,No,No,No internet service,No internet service,No internet service,No internet service,No internet service,No internet service,Two year,No,Mailed check,20.6,1093.0,4192,49+ Months,0,0.01329205970715361,0,1.33,Low Risk,Monitor
7579-OOPEC,Female,Yes,Yes,No,2,Yes,No,DSL,No,Yes,No,No,No,No,Month-to-month,No,Credit card (automatic),50.15,115.1,5461,0-12 Months,1,0.6519779022053801,1,65.2,High Risk,Contract upgrade + Security offer
3795-GWTRD,Female,No,Yes,No,63,Yes,No,DSL,Yes,Yes,Yes,Yes,Yes,No,Two year,No,Credit card (automatic),75.55,4707.85,4626,49+ Months,0,0.03183479030859891,0,3.18,Low Risk,Monitor
4750-ZRXIU,Female,Yes,No,No,4,Yes,Yes,Fiber optic,No,No,No,No,No,Yes,Month-to-month,Yes,Electronic check,84.6,360.1,2467,0-12 Months,1,0.9084204342874297,1,90.84,High Risk,Contract upgrade + Security offer
5445-PZWGX,Male,No,No,No,62,Yes,Yes,Fiber optic,Yes,Yes,No,Yes,No,Yes,One year,No,Electronic check,102.0,6529.25,5090,49+ Months,1,0.2336983582151843,0,23.37,Low Risk,Monitor
0516-UXRMT,Female,No,No,No,62,Yes,Yes,Fiber optic,Yes,Yes,Yes,No,No,No,One year,Yes,Electronic check,92.05,5755.8,5801,49+ Months,0,0.2708761541967796,0,27.09,Low Risk,Monitor
0727-BNRLG,Male,No,No,No,69,Yes,Yes,Fiber optic,No,Yes,Yes,Yes,Yes,No,Two year,Yes,Credit card (automatic),97.65,6743.55,5709,49+ Months,0,0.14293526573204923,0,14.29,Low Risk,Monitor
3932-CMDTD,Female,No,No,No,4,Yes,No,Fiber optic,No,Yes,Yes,Yes,Yes,Yes,One year,Yes,Electronic check,105.65,443.9,4663,0-12 Months,1,0.7141590780840202,1,71.42,High Risk,Promote Online Security
1264-FUHCX,Female,No,Yes,No,49,No,No phone service,DSL,No,Yes,No,Yes,Yes,Yes,One year,Yes,Credit card (automatic),56.3,2780.6,5913,49+ Months,0,0.27375027573519223,0,27.38,Low Risk,Monitor
6194-HBGQN,Male,No,No,No,51,Yes,Yes,DSL,Yes,Yes,Yes,Yes,Yes,No,One year,Yes,Credit card (automatic),81.15,4126.2,4549,49+ Months,0,0.11604001336342085,0,11.6,Low Risk,Monitor
4524-QCSSM,Male,No,No,No,26,No,No phone service,DSL,Yes,Yes,No,No,No,Yes,Month-to-month,Yes,Bank transfer (automatic),44.65,1156.55,4512,25-48 Months,0,0.5250995435815385,0,52.51,Medium Risk,Monitor
4570-QHXHL,Female,No,No,No,9,Yes,No,DSL,No,No,No,No,No,No,Month-to-month,Yes,Electronic check,43.75,405.7,5644,0-12 Months,0,0.7186376082769854,1,71.86,High Risk,Contract upgrade + Security offer
2972-YDYUW,Female,No,No,No,57,Yes,Yes,Fiber optic,No,Yes,No,Yes,No,Yes,One year,No,Electronic check,94.7,5468.95,4507,49+ Months,0,0.31454751061083824,0,31.45,Low Risk,Monitor
2061-VVFST,Female,No,Yes,No,37,Yes,No,No,No internet service,No internet service,No internet service,No internet service,No internet service,No internet service,Month-to-month,No,Bank transfer (automatic),19.5,805.2,3924,25-48 Months,0,0.17089180057799913,0,17.09,Low Risk,Monitor
6874-SGLHU,Male,No,No,No,30,Yes,No,Fiber optic,No,Yes,No,No,Yes,Yes,One year,Yes,Bank transfer (automatic),97.0,3021.3,4126,25-48 Months,0,0.5547144901188814,0,55.47,Medium Risk,Monitor
9844-FELAJ,Female,Yes,Yes,Yes,70,Yes,Yes,Fiber optic,No,Yes,Yes,Yes,Yes,Yes,One year,Yes,Electronic check,107.9,7475.85,5899,49+ Months,0,0.14413374269740975,0,14.41,Low Risk,Monitor
1902-XBTFB,Male,No,No,No,22,Yes,No,Fiber optic,No,Yes,Yes,No,Yes,No,Month-to-month,Yes,Electronic check,89.4,2001.5,5438,13-24 Months,1,0.7942547187135409,1,79.43,High Risk,Contract upgrade + Security offer
9039-RBEEE,Male,No,No,No,39,No,No phone service,DSL,Yes,Yes,No,Yes,Yes,No,Month-to-month,Yes,Credit card (automatic),48.95,1880.85,3080,25-48 Months,1,0.31486404383469807,0,31.49,Low Risk,Monitor
9369-XFEHK,Female,Yes,Yes,No,33,Yes,Yes,Fiber optic,No,Yes,No,No,No,No,Month-to-month,Yes,Bank transfer (automatic),80.6,2656.5,3601,25-48 Months,1,0.7094819867764928,1,70.95,High Risk,Contract upgrade + Security offer
3680-CTHUH,Male,No,No,No,60,Yes,Yes,Fiber optic,Yes,Yes,Yes,Yes,Yes,Yes,One year,Yes,Credit card (automatic),116.6,7049.5,5680,49+ Months,0,0.28881418551268956,0,28.88,Low Risk,Monitor
3679-XASPY,Female,No,Yes,Yes,1,Yes,No,No,No internet service,No internet service,No internet service,No internet service,No internet service,No internet service,Month-to-month,No,Electronic check,19.45,19.45,5612,0-12 Months,0,0.2329015820944118,0,23.29,Low Risk,Monitor
9089-UOWJG,Female,No,Yes,Yes,12,Yes,No,DSL,No,No,Yes,No,Yes,No,Month-to-month,Yes,Credit card (automatic),58.35,740.55,5068,0-12 Months,0,0.319853516401414,0,31.99,Low Risk,Monitor
1574-DYCWE,Female,No,Yes,Yes,51,Yes,No,No,No internet service,No internet service,No internet service,No internet service,No internet service,No internet service,Two year,No,Mailed check,19.95,1028.75,4057,49+ Months,0,0.005356714400319206,0,0.54,Low Risk,Monitor
9779-DPNEJ,Female,No,Yes,Yes,22,Yes,No,Fiber optic,No,No,No,No,No,Yes,Month-to-month,Yes,Electronic check,80.15,1790.65,4732,13-24 Months,0,0.5316981914797525,0,53.17,Medium Risk,Monitor
2967-MXRAV,Male,No,Yes,No,1,Yes,No,No,No internet service,No internet service,No internet service,No internet service,No internet service,No internet service,One year,No,Mailed check,18.8,18.8,5160,0-12 Months,0,0.33627215580854414,0,33.63,Low Risk,Monitor
0327-WFZSY,Male,No,Yes,Yes,39,Yes,Yes,Fiber optic,No,No,Yes,No,Yes,Yes,One year,No,Electronic check,100.0,3835.55,5434,25-48 Months,0,0.283222869907595,0,28.32,Low Risk,Monitor
1731-TVIUK,Female,No,No,No,4,Yes,Yes,Fiber optic,No,Yes,No,Yes,No,Yes,Month-to-month,Yes,Electronic check,93.5,362.2,4554,0-12 Months,1,0.8618428227005972,1,86.18,High Risk,Contract upgrade + Security offer
7666-WKRON,Female,No,No,No,39,Yes,No,Fiber optic,No,No,Yes,Yes,No,No,Two year,Yes,Electronic check,80.45,3201.55,2224,25-48 Months,1,0.24067009918537113,0,24.07,Low Risk,Monitor
3865-ZYKAD,Male,Yes,Yes,No,69,Yes,Yes,Fiber optic,Yes,Yes,No,No,No,No,Month-to-month,Yes,Credit card (automatic),84.9,5785.65,4503,49+ Months,0,0.36980133737618104,0,36.98,Low Risk,Monitor
1465-LNTLJ,Male,Yes,Yes,No,8,Yes,No,DSL,No,No,Yes,Yes,No,Yes,Month-to-month,Yes,Credit card (automatic),64.4,581.7,4537,0-12 Months,0,0.6749045957196311,1,67.49,High Risk,Contract upgrade + Security offer
2696-RZVZW,Male,No,Yes,No,68,Yes,Yes,No,No internet service,No internet service,No internet service,No internet service,No internet service,No internet service,Two year,No,Credit card (automatic),25.05,1629.2,4187,49+ Months,0,0.016940709077071545,0,1.69,Low Risk,Monitor
0685-MLYYM,Female,Yes,No,No,2,Yes,No,Fiber optic,No,No,No,No,No,No,Month-to-month,No,Electronic check,70.75,154.85,4407,0-12 Months,1,0.8273131642923662,1,82.73,High Risk,Contract upgrade + Security offer
2778-OCLGR,Male,Yes,Yes,No,24,No,No phone service,DSL,Yes,No,No,No,No,Yes,Month-to-month,No,Bank transfer (automatic),39.1,971.3,4591,13-24 Months,1,0.5745956112461408,0,57.46,Medium Risk,Monitor
3982-XWFZQ,Female,No,Yes,No,42,Yes,Yes,DSL,No,No,No,No,No,No,Month-to-month,Yes,Electronic check,50.25,2203.65,4873,25-48 Months,1,0.5503602393111536,0,55.04,Medium Risk,Monitor
4759-PXTAN,Female,No,Yes,No,59,Yes,Yes,DSL,No,Yes,No,Yes,Yes,Yes,One year,Yes,Electronic check,80.1,4693.2,4093,49+ Months,0,0.27914681383487056,0,27.91,Low Risk,Monitor
1448-PWKYE,Male,No,Yes,No,1,Yes,No,Fiber optic,No,No,No,No,No,Yes,Month-to-month,No,Electronic check,80.0,80.0,2046,0-12 Months,1,0.8880880900225049,1,88.81,High Risk,Contract upgrade + Security offer
8741-LQOBK,Female,No,Yes,Yes,46,No,No phone service,DSL,Yes,Yes,No,No,No,No,Month-to-month,No,Bank transfer (automatic),35.05,1620.25,4829,25-48 Months,0,0.06277315901564717,0,6.28,Low Risk,Monitor
8650-RHRKE,Male,No,No,No,4,No,No phone service,DSL,No,No,Yes,No,No,No,Month-to-month,Yes,Electronic check,29.65,118.5,4207,0-12 Months,1,0.8294303440613211,1,82.94,High Risk,Contract upgrade + Security offer
7266-GSSJX,Male,No,Yes,Yes,11,Yes,No,No,No internet service,No internet service,No internet service,No internet service,No internet service,No internet service,Month-to-month,Yes,Electronic check,20.45,250.8,2606,0-12 Months,0,0.2038908133312122,0,20.39,Low Risk,Monitor
1265-HVPZB,Male,No,Yes,No,59,Yes,No,DSL,Yes,Yes,Yes,No,Yes,No,One year,No,Credit card (automatic),66.4,3958.2,6432,49+ Months,0,0.09314905141647409,0,9.31,Low Risk,Monitor
9640-ZSLDC,Female,No,Yes,Yes,53,Yes,No,DSL,No,No,Yes,No,No,Yes,One year,No,Credit card (automatic),60.6,3297.0,4854,49+ Months,0,0.03441585123134483,0,3.44,Low Risk,Monitor
0988-JRWWP,Female,No,No,No,3,Yes,No,DSL,No,No,No,No,Yes,No,Month-to-month,Yes,Electronic check,54.2,140.4,3167,0-12 Months,0,0.7899782941665703,1,79.0,High Risk,Contract upgrade + Security offer
1926-QUZNN,Female,No,Yes,No,72,Yes,Yes,No,No internet service,No internet service,No internet service,No internet service,No internet service,No internet service,Two year,Yes,Bank transfer (automatic),25.25,1841.2,4551,49+ Months,0,0.019767333310296637,0,1.98,Low Risk,Monitor
9025-ZRPVR,Male,No,No,No,9,Yes,No,No,No internet service,No internet service,No internet service,No internet service,No internet service,No internet service,Month-to-month,Yes,Mailed check,18.95,185.6,5403,0-12 Months,1,0.448879952975501,0,44.89,Medium Risk,Monitor
6527-PZFPV,Male,No,Yes,Yes,24,Yes,No,No,No internet service,No internet service,No internet service,No internet service,No internet service,No internet service,One year,Yes,Credit card (automatic),20.8,469.65,4654,13-24 Months,0,0.042688772138288644,0,4.27,Low Risk,Monitor
7460-ITWWP,Female,Yes,Yes,No,45,Yes,No,Fiber optic,No,No,Yes,No,No,Yes,Month-to-month,Yes,Electronic check,86.1,3861.45,2701,25-48 Months,0,0.7292865235618391,1,72.93,High Risk,Contract upgrade + Security offer
1530-ZTDOZ,Female,No,Yes,No,49,No,No phone service,DSL,Yes,No,No,No,Yes,No,Month-to-month,No,Bank transfer (automatic),40.65,2070.75,5565,49+ Months,0,0.3169948384184804,0,31.7,Low Risk,Monitor
4785-FCIFB,Female,No,Yes,No,61,Yes,Yes,No,No internet service,No internet service,No internet service,No internet service,No internet service,No internet service,Two year,No,Mailed check,24.4,1417.9,4900,49+ Months,0,0.023650234440695687,0,2.37,Low Risk,Monitor
9717-QEBGU,Male,No,No,No,2,Yes,No,Fiber optic,No,No,No,No,No,No,Month-to-month,Yes,Electronic check,70.3,144.0,2980,0-12 Months,0,0.8654868520565946,1,86.55,High Risk,Contract upgrade + Security offer
0876-WDUUZ,Female,No,No,No,5,Yes,No,Fiber optic,No,No,No,Yes,No,Yes,Month-to-month,Yes,Credit card (automatic),85.4,425.9,3716,0-12 Months,1,0.7742079833311424,1,77.42,High Risk,Contract upgrade + Security offer
7881-EVUAD,Female,No,No,No,2,No,No phone service,DSL,Yes,Yes,No,No,No,Yes,Month-to-month,Yes,Electronic check,42.6,72.4,4648,0-12 Months,1,0.8093551190825324,1,80.94,High Risk,Contract upgrade + Tech Support
4002-BQWPQ,Male,No,No,No,25,Yes,Yes,DSL,Yes,Yes,Yes,Yes,No,Yes,Month-to-month,No,Bank transfer (automatic),81.75,2028.8,5917,25-48 Months,0,0.33212905236047485,0,33.21,Low Risk,Monitor
6377-WHAOX,Female,No,Yes,No,60,Yes,Yes,Fiber optic,No,Yes,Yes,No,Yes,Yes,Month-to-month,Yes,Electronic check,106.15,6411.25,4115,49+ Months,0,0.7550948763955078,1,75.51,High Risk,Contract upgrade + Security offer
5027-YOCXN,Male,No,Yes,No,51,Yes,Yes,Fiber optic,Yes,Yes,No,Yes,Yes,Yes,One year,No,Credit card (automatic),110.05,5686.4,5604,49+ Months,0,0.3301472320091571,0,33.01,Low Risk,Monitor
8450-JOVAH,Male,No,Yes,Yes,2,Yes,Yes,DSL,Yes,No,No,No,No,No,Month-to-month,No,Mailed check,56.7,113.55,5560,0-12 Months,1,0.2723945846583206,0,27.24,Low Risk,Monitor
6646-QVXLR,Male,Yes,Yes,No,62,Yes,Yes,Fiber optic,No,Yes,Yes,No,Yes,Yes,One year,Yes,Electronic check,103.75,6383.35,5052,49+ Months,1,0.5866497490330774,0,58.66,Medium Risk,Monitor
0254-KCJGT,Male,No,Yes,No,52,Yes,Yes,DSL,Yes,Yes,Yes,Yes,No,Yes,One year,Yes,Credit card (automatic),81.4,4354.45,4628,49+ Months,0,0.15008778202994935,0,15.01,Low Risk,Monitor
3442-ZHHCC,Male,No,No,No,68,Yes,Yes,DSL,Yes,Yes,Yes,No,No,Yes,One year,Yes,Credit card (automatic),76.9,5023.0,5355,49+ Months,0,0.09181258059159528,0,9.18,Low Risk,Monitor
9167-APMXZ,Female,No,No,No,22,Yes,Yes,Fiber optic,No,No,No,No,Yes,No,Month-to-month,Yes,Bank transfer (automatic),84.15,1821.95,3549,13-24 Months,0,0.7889547794297962,1,78.9,High Risk,Contract upgrade + Security offer
0616-ATFGB,Male,Yes,Yes,No,1,No,No phone service,DSL,No,No,No,No,No,No,Month-to-month,No,Electronic check,25.05,25.05,2119,0-12 Months,1,0.8471676385698634,1,84.72,High Risk,Contract upgrade + Security offer
7273-TEFQD,Male,Yes,No,No,3,No,No phone service,DSL,No,No,Yes,No,No,Yes,Month-to-month,Yes,Electronic check,41.15,132.2,2314,0-12 Months,1,0.8612627288380552,1,86.13,High Risk,Contract upgrade + Security offer
8245-UMPYT,Female,Yes,No,No,16,Yes,Yes,Fiber optic,No,No,No,No,Yes,Yes,Month-to-month,Yes,Electronic check,96.4,1581.2,2688,13-24 Months,1,0.8958742445022259,1,89.59,High Risk,Contract upgrade + Security offer
6022-UGGSO,Female,Yes,No,No,32,Yes,No,Fiber optic,No,Yes,No,No,No,No,Month-to-month,Yes,Electronic check,74.4,2276.95,2091,25-48 Months,1,0.6716653681833173,1,67.17,High Risk,Contract upgrade + Security offer
6292-TOSSS,Male,No,No,No,50,Yes,Yes,No,No internet service,No internet service,No internet service,No internet service,No internet service,No internet service,Two year,No,Bank transfer (automatic),24.9,1195.25,4297,49+ Months,0,0.028287833652419842,0,2.83,Low Risk,Monitor
5207-PLSTK,Male,No,Yes,Yes,1,Yes,No,DSL,Yes,No,No,No,No,No,Month-to-month,Yes,Mailed check,48.75,48.75,5068,0-12 Months,0,0.3021757466565716,0,30.22,Low Risk,Monitor
3908-BLSYF,Female,No,No,No,6,Yes,No,Fiber optic,No,No,Yes,No,No,Yes,Month-to-month,No,Electronic check,83.9,497.55,3962,0-12 Months,1,0.8328261979974624,1,83.28,High Risk,Contract upgrade + Security offer
4317-VTEOA,Male,No,No,No,1,Yes,No,DSL,No,Yes,No,No,No,No,Month-to-month,Yes,Electronic check,50.75,50.75,5355,0-12 Months,1,0.7489923705552589,1,74.9,High Risk,Contract upgrade + Security offer
0625-AFOHS,Female,No,Yes,Yes,29,Yes,No,No,No internet service,No internet service,No internet service,No internet service,No internet service,No internet service,Two year,No,Mailed check,20.2,558.8,2784,25-48 Months,0,0.013671460911218162,0,1.37,Low Risk,Monitor
4667-OHGKG,Male,No,No,No,1,Yes,No,No,No internet service,No internet service,No internet service,No internet service,No internet service,No internet service,Month-to-month,Yes,Mailed check,19.3,19.3,4266,0-12 Months,1,0.5304404582232572,0,53.04,Medium Risk,Monitor
2386-OWURY,Female,No,No,No,58,Yes,No,Fiber optic,No,No,No,Yes,Yes,Yes,Month-to-month,Yes,Electronic check,95.3,5817.7,6460,49+ Months,0,0.6177643698428339,0,61.78,Medium Risk,Monitor
3780-DDGSE,Male,Yes,Yes,Yes,35,Yes,No,DSL,No,Yes,No,Yes,Yes,Yes,Month-to-month,Yes,Electronic check,76.05,2747.2,5479,25-48 Months,0,0.2264370468045639,0,22.64,Low Risk,Monitor
1047-RNXZV,Male,No,No,No,43,Yes,No,No,No internet service,No internet service,No internet service,No internet service,No internet service,No internet service,Two year,No,Mailed check,19.55,876.15,4871,25-48 Months,0,0.03035287857259322,0,3.04,Low Risk,Monitor
3926-YZVVX,Female,No,No,No,41,Yes,No,DSL,No,No,No,Yes,No,No,One year,No,Bank transfer (automatic),50.05,2029.05,2157,25-48 Months,0,0.09814967500184255,0,9.81,Low Risk,Monitor
4742-TXUEX,Female,No,Yes,Yes,47,Yes,No,No,No internet service,No internet service,No internet service,No internet service,No internet service,No internet service,Two year,No,Bank transfer (automatic),19.3,890.5,5829,25-48 Months,0,0.006392983412677124,0,0.64,Low Risk,Monitor
8709-KRDVL,Female,No,No,No,33,Yes,Yes,Fiber optic,No,Yes,No,No,Yes,Yes,Month-to-month,Yes,Electronic check,100.0,3320.6,4643,25-48 Months,0,0.8307080815387163,1,83.07,High Risk,Contract upgrade + Security offer
0397-ZXWQF,Male,No,No,No,67,Yes,No,No,No internet service,No internet service,No internet service,No internet service,No internet service,No internet service,Two year,No,Bank transfer (automatic),20.5,1430.95,4416,49+ Months,0,0.010177738014566147,0,1.02,Low Risk,Monitor
3910-MRQOY,Female,No,Yes,No,72,Yes,No,No,No internet service,No internet service,No internet service,No internet service,No internet service,No internet service,Two year,No,Bank transfer (automatic),19.4,1496.45,5398,49+ Months,0,0.010801473213623923,0,1.08,Low Risk,Monitor
2511-MORQY,Male,No,Yes,No,50,Yes,Yes,DSL,No,No,Yes,No,No,No,One year,No,Bank transfer (automatic),54.9,2614.1,4322,49+ Months,0,0.16220502343529047,0,16.22,Low Risk,Monitor
4039-PIMHX,Male,Yes,Yes,No,49,Yes,No,DSL,No,Yes,No,No,No,No,Two year,No,Mailed check,49.8,2398.4,4306,49+ Months,0,0.07409386665757033,0,7.41,Low Risk,Monitor
8083-YTZES,Male,No,No,No,4,Yes,Yes,Fiber optic,No,No,No,No,No,No,Month-to-month,Yes,Electronic check,74.35,265.35,3622,0-12 Months,1,0.8880662491761567,1,88.81,High Risk,Contract upgrade + Security offer
1346-PJWTK,Male,No,Yes,No,61,Yes,No,Fiber optic,No,Yes,Yes,Yes,No,Yes,Month-to-month,No,Credit card (automatic),94.15,5731.85,4806,49+ Months,0,0.3704964351084306,0,37.05,Low Risk,Monitor
3750-YHRYO,Male,No,Yes,No,7,Yes,No,No,No internet service,No internet service,No internet service,No internet service,No internet service,No internet service,One year,No,Mailed check,20.65,150.0,2874,0-12 Months,0,0.264556577631689,0,26.46,Low Risk,Monitor
1236-WFCDV,Male,Yes,No,No,14,Yes,No,Fiber optic,No,No,No,No,Yes,Yes,Month-to-month,No,Credit card (automatic),90.45,1266.1,4777,13-24 Months,1,0.7841884656508263,1,78.42,High Risk,Contract upgrade + Security offer
5949-HGVJL,Female,No,Yes,No,26,Yes,No,DSL,No,Yes,No,Yes,Yes,Yes,Month-to-month,Yes,Electronic check,73.05,1959.5,2753,25-48 Months,0,0.6497553680850678,1,64.98,High Risk,Contract upgrade + Security offer
9112-WSNPU,Female,Yes,No,No,35,Yes,No,Fiber optic,No,No,No,No,No,No,Month-to-month,No,Electronic check,70.55,2419.0,5873,25-48 Months,0,0.6170095288653985,0,61.7,Medium Risk,Monitor
1360-JYXKQ,Female,Yes,Yes,No,54,Yes,No,Fiber optic,No,No,Yes,Yes,Yes,Yes,One year,Yes,Electronic check,99.1,5437.1,4118,49+ Months,0,0.5059836829087857,0,50.6,Medium Risk,Monitor
3585-ISXZP,Female,No,No,No,8,Yes,Yes,Fiber optic,No,No,No,No,Yes,Yes,Month-to-month,No,Bank transfer (automatic),95.65,778.1,5335,0-12 Months,1,0.8446012429630374,1,84.46,High Risk,Contract upgrade + Security offer
8380-PEFPE,Male,No,No,No,1,Yes,No,Fiber optic,No,No,No,No,No,No,Month-to-month,Yes,Electronic check,71.65,71.65,2377,0-12 Months,1,0.8651631997424323,1,86.52,High Risk,Contract upgrade + Security offer
9402-ROUMJ,Female,No,Yes,Yes,67,Yes,Yes,Fiber optic,Yes,No,Yes,Yes,No,Yes,One year,Yes,Bank transfer (automatic),100.25,6689.0,5588,49+ Months,0,0.06116476916763569,0,6.12,Low Risk,Monitor
4335-UPJSI,Female,No,No,Yes,24,Yes,No,No,No internet service,No internet service,No internet service,No internet service,No internet service,No internet service,Two year,No,Mailed check,19.75,498.1,2639,13-24 Months,0,0.013125171509015102,0,1.31,Low Risk,Monitor
6096-EGVTU,Female,No,Yes,Yes,64,Yes,Yes,No,No internet service,No internet service,No internet service,No internet service,No internet service,No internet service,One year,No,Mailed check,24.9,1595.5,5038,49+ Months,0,0.0077864015799277665,0,0.78,Low Risk,Monitor
8988-ECPJR,Female,Yes,Yes,No,34,Yes,Yes,Fiber optic,No,Yes,No,No,No,No,Month-to-month,Yes,Mailed check,79.6,2718.3,3980,25-48 Months,1,0.7142942758070979,1,71.43,High Risk,Contract upgrade + Security offer
7677-SJJJK,Male,No,Yes,No,8,Yes,No,No,No internet service,No internet service,No internet service,No internet service,No internet service,No internet service,One year,No,Credit card (automatic),19.9,153.95,3152,0-12 Months,0,0.2504063120399107,0,25.04,Low Risk,Monitor
5850-BDWCY,Female,No,No,No,6,Yes,No,No,No internet service,No internet service,No internet service,No internet service,No internet service,No internet service,Month-to-month,No,Mailed check,20.2,123.65,5029,0-12 Months,0,0.3902130731988385,0,39.02,Low Risk,Monitor
2025-JKFWI,Male,No,No,No,13,Yes,Yes,Fiber optic,No,No,No,Yes,Yes,Yes,Month-to-month,Yes,Mailed check,99.0,1301.7,3493,13-24 Months,1,0.829513334329959,1,82.95,High Risk,Contract upgrade + Security offer
8028-PNXHQ,Male,No,Yes,No,62,Yes,Yes,No,No internet service,No internet service,No internet service,No internet service,No internet service,No internet service,Two year,Yes,Bank transfer (automatic),24.25,1424.6,4444,49+ Months,0,0.030389196825651388,0,3.04,Low Risk,Monitor
8397-MVTAZ,Male,No,Yes,No,34,Yes,Yes,Fiber optic,No,No,Yes,No,Yes,Yes,Month-to-month,Yes,Electronic check,100.05,3480.0,2568,25-48 Months,1,0.8720646270207709,1,87.21,High Risk,Contract upgrade + Security offer
4445-ZJNMU,Male,No,No,No,9,Yes,Yes,Fiber optic,No,Yes,No,No,Yes,Yes,Month-to-month,Yes,Credit card (automatic),99.3,918.75,3540,0-12 Months,0,0.8646629738370247,1,86.47,High Risk,Contract upgrade + Security offer
3125-RAHBV,Male,No,No,No,22,Yes,No,No,No internet service,No internet service,No internet service,No internet service,No internet service,No internet service,One year,No,Credit card (automatic),20.3,467.15,2768,13-24 Months,0,0.11855480150524868,0,11.86,Low Risk,Monitor
6682-QJDGB,Male,No,No,Yes,40,Yes,No,DSL,Yes,Yes,No,No,No,No,Month-to-month,Yes,Mailed check,55.25,2139.2,2810,25-48 Months,1,0.05829087106369584,0,5.83,Low Risk,Monitor
8840-DQLGN,Female,Yes,Yes,No,35,Yes,Yes,Fiber optic,Yes,Yes,No,Yes,Yes,No,Month-to-month,Yes,Bank transfer (automatic),100.5,3653.35,4745,25-48 Months,1,0.6222936340395321,1,62.23,High Risk,Offer contract upgrade
6258-NGCNG,Male,No,No,No,7,Yes,Yes,No,No internet service,No internet service,No internet service,No internet service,No internet service,No internet service,Month-to-month,No,Mailed check,23.5,173.0,5508,0-12 Months,0,0.4583610454069779,0,45.84,Medium Risk,Monitor
5917-RYRMG,Male,Yes,No,No,32,Yes,No,No,No internet service,No internet service,No internet service,No internet service,No internet service,No internet service,One year,No,Credit card (automatic),19.8,587.7,3836,25-48 Months,0,0.0822892473819595,0,8.23,Low Risk,Monitor
7157-SMCFK,Male,No,No,Yes,61,Yes,No,No,No internet service,No internet service,No internet service,No internet service,No internet service,No internet service,Two year,No,Mailed check,19.75,1124.2,5411,49+ Months,0,0.0026918681545562806,0,0.27,Low Risk,Monitor
0816-TSPHQ,Male,No,No,No,2,Yes,No,No,No internet service,No internet service,No internet service,No internet service,No internet service,No internet service,Month-to-month,No,Mailed check,20.75,44.2,3976,0-12 Months,0,0.4324616570166861,0,43.25,Medium Risk,Monitor
6766-HFKLA,Female,No,Yes,No,56,Yes,Yes,Fiber optic,No,No,Yes,Yes,Yes,Yes,Two year,No,Bank transfer (automatic),103.2,5744.35,4534,49+ Months,0,0.25169154740810806,0,25.17,Low Risk,Monitor
7067-KSAZT,Female,Yes,Yes,No,65,Yes,Yes,Fiber optic,No,Yes,Yes,No,Yes,Yes,One year,Yes,Electronic check,106.25,6979.8,5965,49+ Months,1,0.5694240313661588,0,56.94,Medium Risk,Monitor
5155-AZQPB,Female,No,Yes,Yes,28,Yes,Yes,DSL,No,No,No,No,No,No,Month-to-month,No,Mailed check,49.9,1410.25,5250,25-48 Months,0,0.1706253040867853,0,17.06,Low Risk,Monitor
6890-PFRQX,Male,No,No,No,18,Yes,Yes,DSL,Yes,No,Yes,No,Yes,No,Month-to-month,No,Mailed check,69.5,1199.4,4466,13-24 Months,0,0.4962618590399054,0,49.63,Medium Risk,Monitor
3508-VLHCZ,Female,No,Yes,Yes,71,Yes,Yes,DSL,Yes,Yes,Yes,Yes,Yes,Yes,Two year,Yes,Credit card (automatic),90.55,6239.05,6009,49+ Months,0,0.013667028887964389,0,1.37,Low Risk,Monitor
3649-JPUGY,Male,No,No,No,72,Yes,Yes,DSL,No,Yes,Yes,Yes,Yes,Yes,Two year,Yes,Bank transfer (automatic),88.6,6201.95,5842,49+ Months,0,0.06829798473773475,0,6.83,Low Risk,Monitor
9248-OJYKK,Male,Yes,No,No,1,Yes,Yes,Fiber optic,No,No,No,No,No,No,Month-to-month,Yes,Electronic check,76.45,76.45,3763,0-12 Months,1,0.897505339356278,1,89.75,High Risk,Contract upgrade + Security offer
7239-HZZCX,Male,No,No,No,1,Yes,No,No,No internet service,No internet service,No internet service,No internet service,No internet service,No internet service,Month-to-month,No,Mailed check,19.75,19.75,4851,0-12 Months,1,0.45182118215534833,0,45.18,Medium Risk,Monitor
9860-LISIZ,Female,No,No,No,34,Yes,No,No,No internet service,No internet service,No internet service,No internet service,No internet service,No internet service,Month-to-month,No,Mailed check,20.35,673.2,2864,25-48 Months,0,0.1491174305962452,0,14.91,Low Risk,Monitor
6979-ZNSFF,Female,No,No,No,8,Yes,Yes,Fiber optic,No,No,No,No,Yes,No,Month-to-month,Yes,Electronic check,87.05,762.1,2545,0-12 Months,1,0.8904112924751872,1,89.04,High Risk,Contract upgrade + Security offer
8938-UMKPI,Female,No,No,No,47,Yes,Yes,Fiber optic,No,Yes,Yes,No,Yes,Yes,Month-to-month,Yes,Electronic check,106.4,5127.95,4804,25-48 Months,1,0.7708546993456816,1,77.09,High Risk,Contract upgrade + Security offer
1820-DJFPH,Female,No,Yes,Yes,72,Yes,Yes,No,No internet service,No internet service,No internet service,No internet service,No internet service,No internet service,Two year,Yes,Bank transfer (automatic),24.05,1709.15,4755,49+ Months,0,0.003920552261604734,0,0.39,Low Risk,Monitor
0732-OCQOC,Female,No,Yes,No,52,Yes,Yes,No,No internet service,No internet service,No internet service,No internet service,No internet service,No internet service,Two year,Yes,Bank transfer (automatic),25.05,1270.25,5674,49+ Months,0,0.04635124565023491,0,4.64,Low Risk,Monitor
6776-TLWOI,Male,No,No,No,3,Yes,No,No,No internet service,No internet service,No internet service,No internet service,No internet service,No internet service,Month-to-month,No,Mailed check,19.85,64.55,2158,0-12 Months,1,0.41699459068040806,0,41.7,Medium Risk,Monitor
4940-KHCWD,Female,No,Yes,No,60,No,No phone service,DSL,Yes,Yes,No,Yes,No,No,Two year,No,Bank transfer (automatic),37.7,2288.7,5148,49+ Months,0,0.034816113469789696,0,3.48,Low Risk,Monitor
9057-SIHCH,Female,No,No,No,3,Yes,Yes,Fiber optic,No,No,No,No,Yes,Yes,Month-to-month,Yes,Electronic check,96.6,291.9,3260,0-12 Months,1,0.9232053507478384,1,92.32,High Risk,Contract upgrade + Security offer
9866-QEVEE,Male,No,No,No,19,Yes,Yes,Fiber optic,No,No,No,No,No,Yes,Month-to-month,Yes,Bank transfer (automatic),86.0,1532.45,4857,13-24 Months,1,0.8086304315567237,1,80.86,High Risk,Contract upgrade + Security offer
5542-TBBWB,Male,No,No,No,1,Yes,No,Fiber optic,No,No,No,No,No,No,Month-to-month,Yes,Electronic check,69.9,69.9,3358,0-12 Months,0,0.8708973423285491,1,87.09,High Risk,Contract upgrade + Security offer
4587-VVTOX,Female,No,Yes,No,6,Yes,Yes,Fiber optic,No,Yes,Yes,No,Yes,Yes,Month-to-month,Yes,Electronic check,105.3,545.2,4163,0-12 Months,1,0.9246024133011224,1,92.46,High Risk,Contract upgrade + Security offer
6322-HRPFA,Male,No,Yes,Yes,49,Yes,No,DSL,Yes,Yes,No,Yes,No,No,Month-to-month,No,Credit card (automatic),59.6,2970.3,4986,49+ Months,0,0.03149598475838446,0,3.15,Low Risk,Monitor
6284-AHOOQ,Male,Yes,No,No,22,Yes,Yes,Fiber optic,No,No,No,Yes,Yes,No,Month-to-month,Yes,Bank transfer (automatic),90.5,1910.6,5014,13-24 Months,1,0.739533718554346,1,73.95,High Risk,Contract upgrade + Security offer
4530-NDRKU,Female,No,Yes,Yes,42,Yes,No,No,No internet service,No internet service,No internet service,No internet service,No internet service,No internet service,One year,Yes,Electronic check,19.05,761.85,5091,25-48 Months,0,0.029057702648473113,0,2.91,Low Risk,Monitor
1751-NCDLI,Male,Yes,Yes,No,46,Yes,Yes,Fiber optic,No,No,Yes,No,Yes,Yes,Month-to-month,Yes,Electronic check,98.85,4564.9,2641,25-48 Months,0,0.8347486807177027,1,83.47,High Risk,Contract upgrade + Security offer
3893-JRNFS,Male,No,No,No,68,No,No phone service,DSL,No,No,Yes,No,No,Yes,Month-to-month,Yes,Bank transfer (automatic),39.9,2796.35,6270,49+ Months,0,0.25009972753241044,0,25.01,Low Risk,Monitor
5857-XRECV,Female,No,No,Yes,2,Yes,No,No,No internet service,No internet service,No internet service,No internet service,No internet service,No internet service,One year,No,Bank transfer (automatic),20.5,38.25,4486,0-12 Months,0,0.06082528641359197,0,6.08,Low Risk,Monitor
3115-CZMZD,Male,No,No,No,0,Yes,No,No,No internet service,No internet service,No internet service,No internet service,No internet service,No internet service,Two year,No,Mailed check,20.25,0.0,5504,0-12 Months,0,0.17497841247232487,0,17.5,Low Risk,Monitor
4489-SNOJF,Female,No,Yes,Yes,35,Yes,Yes,DSL,Yes,No,Yes,Yes,Yes,No,Month-to-month,No,Electronic check,72.25,2568.55,5898,25-48 Months,1,0.13564924621465455,0,13.56,Low Risk,Monitor
1051-GEJLJ,Female,No,No,No,2,Yes,No,No,No internet service,No internet service,No internet service,No internet service,No internet service,No internet service,Month-to-month,No,Mailed check,19.5,27.55,4836,0-12 Months,0,0.43470556151584167,0,43.47,Medium Risk,Monitor
3563-SVYLG,Male,No,Yes,Yes,68,Yes,No,DSL,Yes,Yes,Yes,Yes,No,No,Two year,No,Credit card (automatic),62.65,4375.8,5215,49+ Months,0,0.004153352028308793,0,0.42,Low Risk,Monitor
4301-VVZKA,Male,No,Yes,No,16,Yes,Yes,Fiber optic,No,No,No,No,No,No,Month-to-month,Yes,Electronic check,75.4,1189.4,5432,13-24 Months,0,0.8786072493260659,1,87.86,High Risk,Contract upgrade + Security offer
9351-HXDMR,Male,No,Yes,No,72,Yes,Yes,Fiber optic,Yes,No,Yes,Yes,Yes,Yes,Two year,Yes,Credit card (automatic),110.9,8240.85,4938,49+ Months,0,0.1935778259482051,0,19.36,Low Risk,Monitor
5161-XEUVX,Male,No,Yes,No,37,Yes,Yes,Fiber optic,No,No,Yes,Yes,Yes,No,Two year,No,Mailed check,94.3,3460.95,2615,25-48 Months,0,0.29278664994337944,0,29.28,Low Risk,Monitor
3088-FVYWK,Male,No,Yes,Yes,53,Yes,Yes,No,No internet service,No internet service,No internet service,No internet service,No internet service,No internet service,Two year,No,Credit card (automatic),25.55,1336.1,5794,49+ Months,0,0.006697448486377381,0,0.67,Low Risk,Monitor
9812-GHVRI,Female,No,No,No,40,Yes,Yes,Fiber optic,No,No,No,No,No,Yes,Month-to-month,No,Bank transfer (automatic),83.85,3532.25,4294,25-48 Months,0,0.6300170425225029,1,63.0,High Risk,Contract upgrade + Security offer
1370-GGAWX,Female,No,No,No,46,Yes,Yes,Fiber optic,No,Yes,Yes,No,No,Yes,One year,Yes,Electronic check,94.15,4408.45,3924,25-48 Months,0,0.5334821494088055,0,53.35,Medium Risk,Monitor
6023-YEBUP,Male,No,No,No,3,Yes,Yes,Fiber optic,No,No,Yes,No,Yes,Yes,Month-to-month,Yes,Electronic check,100.95,329.95,5351,0-12 Months,1,0.9247866685489265,1,92.48,High Risk,Contract upgrade + Security offer
9940-RHLFB,Female,No,No,No,1,Yes,No,Fiber optic,No,No,Yes,No,No,No,Month-to-month,No,Electronic check,75.3,75.3,2176,0-12 Months,1,0.8132376405787299,1,81.32,High Risk,Contract upgrade + Security offer
4541-RMRLG,Male,No,No,No,7,Yes,No,No,No internet service,No internet service,No internet service,No internet service,No internet service,No internet service,Month-to-month,No,Electronic check,19.25,112.3,4489,0-12 Months,1,0.4738550234775653,0,47.39,Medium Risk,Monitor
2606-RMDHZ,Male,No,No,No,6,No,No phone service,DSL,No,Yes,No,No,No,No,Month-to-month,Yes,Credit card (automatic),30.5,208.7,4667,0-12 Months,1,0.7335501727589373,1,73.36,High Risk,Contract upgrade + Security offer
5575-TPIZQ,Male,No,No,No,46,Yes,Yes,Fiber optic,Yes,No,No,No,Yes,No,Month-to-month,Yes,Credit card (automatic),89.15,4245.55,5593,25-48 Months,0,0.5831299090591706,0,58.31,Medium Risk,Monitor
9378-FXTIZ,Female,No,Yes,No,54,Yes,Yes,DSL,No,No,No,No,Yes,Yes,One year,Yes,Credit card (automatic),70.15,3715.65,4596,49+ Months,1,0.30639323588455025,0,30.64,Low Risk,Monitor
4631-OACRM,Male,Yes,No,No,15,Yes,No,Fiber optic,No,No,No,No,No,Yes,Month-to-month,Yes,Electronic check,79.4,1156.1,3621,13-24 Months,1,0.8494534151162303,1,84.95,High Risk,Contract upgrade + Security offer
8593-WHYHV,Male,No,No,No,3,Yes,Yes,Fiber optic,No,No,No,No,No,Yes,Month-to-month,Yes,Electronic check,85.3,264.8,4934,0-12 Months,1,0.9133912312261231,1,91.34,High Risk,Contract upgrade + Security offer
1403-GYAFU,Male,No,Yes,Yes,70,Yes,No,No,No internet service,No internet service,No internet service,No internet service,No internet service,No internet service,Two year,No,Credit card (automatic),20.05,1360.25,4485,49+ Months,0,0.0022517359579671023,0,0.23,Low Risk,Monitor
7641-TQFHN,Male,No,No,Yes,39,Yes,Yes,Fiber optic,No,No,No,Yes,Yes,Yes,Two year,No,Mailed check,100.55,3895.35,3124,25-48 Months,0,0.0748257223702071,0,7.48,Low Risk,Monitor
4237-CLSMM,Male,No,Yes,No,2,Yes,No,No,No internet service,No internet service,No internet service,No internet service,No internet service,No internet service,Month-to-month,No,Mailed check,20.0,38.0,4823,0-12 Months,0,0.5087049780387253,0,50.87,Medium Risk,Monitor
4360-PNRQB,Male,No,No,No,18,Yes,Yes,Fiber optic,No,No,No,No,No,No,Month-to-month,Yes,Bank transfer (automatic),75.6,1395.05,4030,13-24 Months,0,0.7727247841649216,1,77.27,High Risk,Contract upgrade + Security offer
5334-AFQJB,Male,Yes,No,No,72,Yes,Yes,No,No internet service,No internet service,No internet service,No internet service,No internet service,No internet service,Two year,Yes,Credit card (automatic),25.1,1789.9,5751,49+ Months,0,0.015922046713248286,0,1.59,Low Risk,Monitor
9308-ANMVE,Male,No,No,Yes,47,Yes,No,DSL,Yes,Yes,No,No,No,No,Month-to-month,Yes,Electronic check,55.3,2654.05,5491,25-48 Months,0,0.0690230598632885,0,6.9,Low Risk,Monitor
3530-VWVGU,Female,No,Yes,Yes,22,Yes,No,No,No internet service,No internet service,No internet service,No internet service,No internet service,No internet service,Month-to-month,No,Mailed check,19.9,400.3,5657,13-24 Months,0,0.07556354739366218,0,7.56,Low Risk,Monitor
4674-HGNUA,Male,No,Yes,Yes,71,Yes,Yes,DSL,Yes,Yes,Yes,Yes,Yes,Yes,Two year,No,Credit card (automatic),89.9,6457.15,4444,49+ Months,0,0.010539357867743083,0,1.05,Low Risk,Monitor
3030-YDNRM,Male,No,No,No,8,Yes,Yes,Fiber optic,No,No,No,No,No,No,Month-to-month,Yes,Electronic check,74.85,572.45,5514,0-12 Months,0,0.8775822977334816,1,87.76,High Risk,Contract upgrade + Security offer
3642-BYHDO,Female,No,Yes,Yes,71,Yes,No,No,No internet service,No internet service,No internet service,No internet service,No internet service,No internet service,Two year,No,Bank transfer (automatic),19.9,1389.35,5789,49+ Months,0,0.0021855385704387317,0,0.22,Low Risk,Monitor
0440-UEDAI,Female,No,No,No,53,Yes,No,Fiber optic,No,Yes,Yes,Yes,No,Yes,One year,Yes,Credit card (automatic),94.45,5042.75,5452,49+ Months,0,0.2581972109173565,0,25.82,Low Risk,Monitor
9819-FBNSV,Male,Yes,Yes,No,37,Yes,No,Fiber optic,No,No,No,No,No,No,Month-to-month,Yes,Bank transfer (automatic),72.25,2575.45,4121,25-48 Months,0,0.6405942368336854,1,64.06,High Risk,Contract upgrade + Security offer
9289-LBQVU,Male,No,Yes,No,64,Yes,Yes,DSL,No,Yes,No,Yes,No,Yes,One year,Yes,Mailed check,70.15,4480.7,5037,49+ Months,0,0.1463768315760273,0,14.64,Low Risk,Monitor
4468-YDOVK,Male,No,No,Yes,5,Yes,No,DSL,No,No,No,Yes,No,No,Month-to-month,Yes,Bank transfer (automatic),48.65,235.2,3307,0-12 Months,0,0.2145591753418773,0,21.46,Low Risk,Monitor
2001-EWBQU,Female,No,No,No,60,Yes,Yes,Fiber optic,No,Yes,Yes,No,Yes,Yes,Two year,No,Electronic check,104.7,6333.8,6186,49+ Months,0,0.304247567233553,0,30.42,Low Risk,Monitor
9992-UJOEL,Male,No,No,No,2,Yes,No,DSL,No,Yes,No,No,No,No,Month-to-month,Yes,Mailed check,50.3,92.75,5870,0-12 Months,0,0.6707064134991956,1,67.07,High Risk,Contract upgrade + Security offer
8409-WQJUX,Female,No,No,No,25,No,No phone service,DSL,No,No,Yes,Yes,Yes,Yes,One year,No,Electronic check,54.2,1423.15,4458,25-48 Months,0,0.450293544435735,0,45.03,Medium Risk,Monitor
3077-RSNTJ,Female,No,Yes,Yes,6,Yes,No,No,No internet service,No internet service,No internet service,No internet service,No internet service,No internet service,Month-to-month,No,Mailed check,19.7,113.5,4293,0-12 Months,0,0.14109166642289495,0,14.11,Low Risk,Monitor
6993-YCOBK,Male,No,Yes,Yes,60,Yes,Yes,Fiber optic,Yes,No,Yes,Yes,Yes,Yes,Two year,Yes,Electronic check,110.6,6586.85,5756,49+ Months,0,0.0828188843986534,0,8.28,Low Risk,Monitor
4817-VYYWS,Female,No,No,No,30,Yes,Yes,Fiber optic,No,Yes,No,No,Yes,Yes,Month-to-month,Yes,Electronic check,100.2,2983.8,3598,25-48 Months,1,0.8375809227520462,1,83.76,High Risk,Contract upgrade + Security offer
4702-HDRKD,Male,No,No,No,67,No,No phone service,DSL,Yes,No,Yes,Yes,Yes,No,One year,Yes,Bank transfer (automatic),49.35,3321.35,5905,49+ Months,0,0.07699171556706147,0,7.7,Low Risk,Monitor
3251-YMVWZ,Male,No,No,No,53,Yes,Yes,No,No internet service,No internet service,No internet service,No internet service,No internet service,No internet service,One year,No,Bank transfer (automatic),24.05,1301.9,4865,49+ Months,0,0.046709351668452595,0,4.67,Low Risk,Monitor
4190-MFLUW,Female,No,Yes,No,10,Yes,No,DSL,No,No,Yes,Yes,No,No,Month-to-month,No,Credit card (automatic),55.2,528.35,5925,0-12 Months,1,0.5081575970965184,0,50.82,Medium Risk,Monitor
4678-DVQEO,Female,No,No,No,1,Yes,No,DSL,No,No,No,Yes,No,No,Month-to-month,Yes,Electronic check,52.2,52.2,4138,0-12 Months,1,0.691734653470026,1,69.17,High Risk,Contract upgrade + Security offer
4701-AHWMW,Male,No,Yes,No,55,No,No phone service,DSL,No,No,Yes,Yes,Yes,Yes,Month-to-month,Yes,Bank transfer (automatic),54.55,2978.3,6041,49+ Months,1,0.4285481902232471,0,42.85,Medium Risk,Monitor
2987-BJXIK,Female,No,No,No,70,Yes,Yes,DSL,Yes,Yes,Yes,No,Yes,Yes,Two year,No,Mailed check,84.7,5991.05,4180,49+ Months,0,0.05353191094964974,0,5.35,Low Risk,Monitor
1730-VFMWO,Female,No,Yes,No,34,Yes,No,DSL,No,No,No,Yes,No,No,Month-to-month,No,Bank transfer (automatic),50.2,1815.3,4352,25-48 Months,0,0.30650081592756606,0,30.65,Low Risk,Monitor
1936-UAFEH,Female,No,No,No,68,Yes,Yes,Fiber optic,Yes,Yes,No,Yes,Yes,Yes,Two year,No,Credit card (automatic),110.25,7279.35,5502,49+ Months,0,0.10712987993918978,0,10.71,Low Risk,Monitor
5140-FOMCQ,Female,No,Yes,No,59,Yes,Yes,Fiber optic,Yes,Yes,Yes,No,Yes,Yes,One year,Yes,Credit card (automatic),109.15,6557.75,5186,49+ Months,0,0.4206389154073591,0,42.06,Medium Risk,Monitor
8778-LMWTJ,Female,No,No,No,9,Yes,No,Fiber optic,Yes,No,No,No,No,No,Month-to-month,Yes,Electronic check,74.85,708.2,5770,0-12 Months,0,0.7835390293708416,1,78.35,High Risk,Contract upgrade + Tech Support
9840-DVNDC,Male,No,No,No,6,Yes,No,Fiber optic,No,No,No,No,Yes,No,Month-to-month,Yes,Credit card (automatic),80.5,463.05,2181,0-12 Months,1,0.8203227599761916,1,82.03,High Risk,Contract upgrade + Security offer
8033-VCZGH,Male,No,Yes,No,50,Yes,Yes,Fiber optic,Yes,No,Yes,No,Yes,Yes,One year,Yes,Electronic check,103.95,5231.3,4363,49+ Months,0,0.5971491805359864,0,59.71,Medium Risk,Monitor
8580-QVLOC,Female,Yes,Yes,No,72,Yes,Yes,DSL,Yes,Yes,Yes,Yes,Yes,Yes,Two year,No,Credit card (automatic),92.45,6440.25,5697,49+ Months,1,0.04815029551809791,0,4.82,Low Risk,Monitor
6128-AQBMT,Male,Yes,Yes,No,41,No,No phone service,DSL,No,Yes,Yes,No,Yes,Yes,Month-to-month,Yes,Electronic check,53.95,2215.4,3920,25-48 Months,0,0.696861079127363,1,69.69,High Risk,Contract upgrade + Security offer
6257-RJOHI,Male,No,No,No,4,Yes,No,DSL,No,No,No,Yes,No,No,Month-to-month,Yes,Mailed check,50.8,202.3,4521,0-12 Months,0,0.5969964439050232,0,59.7,Medium Risk,Monitor
1929-ZCBHE,Male,No,Yes,Yes,47,No,No phone service,DSL,Yes,No,Yes,Yes,No,No,One year,No,Electronic check,40.3,1794.8,5040,25-48 Months,0,0.0337038450527592,0,3.37,Low Risk,Monitor
6242-SGYTS,Male,No,Yes,Yes,62,Yes,Yes,Fiber optic,Yes,Yes,No,No,Yes,No,One year,Yes,Credit card (automatic),94.95,5791.85,4262,49+ Months,0,0.08061722746854166,0,8.06,Low Risk,Monitor
7010-ZMVBF,Female,No,Yes,Yes,18,Yes,No,No,No internet service,No internet service,No internet service,No internet service,No internet service,No internet service,Month-to-month,No,Mailed check,20.45,357.0,2047,13-24 Months,0,0.08337729881167485,0,8.34,Low Risk,Monitor
3519-ZKXGG,Female,No,Yes,No,3,Yes,Yes,Fiber optic,No,No,No,No,No,No,Month-to-month,Yes,Electronic check,75.85,256.6,4062,0-12 Months,1,0.9130481152810186,1,91.3,High Risk,Contract upgrade + Security offer
5666-MBJPT,Male,No,No,No,65,Yes,Yes,No,No internet service,No internet service,No internet service,No internet service,No internet service,No internet service,Two year,Yes,Bank transfer (automatic),25.1,1725.0,5449,49+ Months,0,0.02149347126623152,0,2.15,Low Risk,Monitor
3313-QKNKB,Male,No,Yes,No,59,Yes,Yes,Fiber optic,No,No,No,No,No,Yes,One year,No,Electronic check,85.55,5084.65,6304,49+ Months,1,0.46489061801138176,0,46.49,Medium Risk,Monitor
7581-EBBOU,Female,No,No,No,60,Yes,No,DSL,No,Yes,Yes,Yes,Yes,No,One year,Yes,Credit card (automatic),70.15,4224.7,4260,49+ Months,0,0.089175143361082,0,8.92,Low Risk,Monitor
1784-BXEFA,Female,No,No,No,10,Yes,No,No,No internet service,No internet service,No internet service,No internet service,No internet service,No internet service,Month-to-month,Yes,Mailed check,20.55,187.35,3595,0-12 Months,0,0.414894350907618,0,41.49,Medium Risk,Monitor
7492-TAFJD,Male,No,Yes,No,7,No,No phone service,DSL,Yes,Yes,Yes,No,No,No,Two year,No,Mailed check,38.55,280.0,3345,0-12 Months,0,0.2958001527488633,0,29.58,Low Risk,Monitor
5213-TWWJU,Male,No,No,No,28,Yes,No,Fiber optic,No,No,Yes,Yes,No,Yes,Month-to-month,No,Electronic check,91.0,2626.15,2448,25-48 Months,0,0.6455444779791228,1,64.55,High Risk,Contract upgrade + Security offer
3312-ZWLGF,Male,Yes,Yes,No,29,Yes,Yes,Fiber optic,No,No,No,Yes,No,No,Month-to-month,Yes,Electronic check,79.3,2414.55,3172,25-48 Months,0,0.7793238570343396,1,77.93,High Risk,Contract upgrade + Security offer
2923-ARZLG,Male,No,Yes,Yes,0,Yes,No,No,No internet service,No internet service,No internet service,No internet service,No internet service,No internet service,One year,Yes,Mailed check,19.7,0.0,4890,0-12 Months,0,0.12253330618579958,0,12.25,Low Risk,Monitor
7032-LMBHI,Female,No,No,No,37,Yes,Yes,DSL,Yes,No,No,No,Yes,No,One year,No,Bank transfer (automatic),64.65,2347.85,5255,25-48 Months,0,0.18761414568142598,0,18.76,Low Risk,Monitor
8292-ITGYJ,Female,No,Yes,Yes,45,Yes,Yes,No,No internet service,No internet service,No internet service,No internet service,No internet service,No internet service,Two year,Yes,Bank transfer (automatic),24.65,1138.8,3043,25-48 Months,0,0.012319708218413508,0,1.23,Low Risk,Monitor
9107-UKCKY,Male,No,Yes,No,61,Yes,Yes,DSL,No,Yes,Yes,No,Yes,Yes,One year,Yes,Electronic check,79.8,4914.8,6432,49+ Months,0,0.34687361246668114,0,34.69,Low Risk,Monitor
6848-HJTXY,Female,No,Yes,No,64,Yes,No,No,No internet service,No internet service,No internet service,No internet service,No internet service,No internet service,Two year,No,Credit card (automatic),19.45,1208.6,5628,49+ Months,0,0.014831412971823167,0,1.48,Low Risk,Monitor
4184-VODJZ,Male,No,Yes,Yes,63,Yes,Yes,Fiber optic,No,Yes,No,No,No,Yes,One year,Yes,Electronic check,91.35,5764.7,4512,49+ Months,0,0.15542637512231114,0,15.54,Low Risk,Monitor
4846-WHAFZ,Female,Yes,Yes,Yes,37,Yes,Yes,Fiber optic,No,No,No,No,No,No,Month-to-month,Yes,Electronic check,76.5,2868.15,2793,25-48 Months,1,0.4056241615504523,0,40.56,Medium Risk,Monitor
8735-SDUFN,Female,Yes,Yes,No,72,Yes,Yes,No,No internet service,No internet service,No internet service,No internet service,No internet service,No internet service,Two year,No,Bank transfer (automatic),24.3,1778.7,4397,49+ Months,0,0.014868053552069065,0,1.49,Low Risk,Monitor
0839-JTCUD,Female,No,Yes,No,66,Yes,Yes,DSL,Yes,Yes,Yes,Yes,Yes,Yes,Two year,No,Credit card (automatic),89.9,5958.85,4082,49+ Months,0,0.05685951248860142,0,5.69,Low Risk,Monitor
6857-VWJDT,Female,No,No,No,1,Yes,Yes,Fiber optic,No,No,No,No,Yes,Yes,Month-to-month,No,Mailed check,95.65,95.65,3473,0-12 Months,1,0.86812360874515,1,86.81,High Risk,Contract upgrade + Security offer
7363-QTBIW,Female,No,Yes,No,9,Yes,No,Fiber optic,No,No,No,No,No,Yes,Month-to-month,Yes,Electronic check,79.75,769.1,4654,0-12 Months,0,0.8981558497352475,1,89.82,High Risk,Contract upgrade + Security offer
6158-HDPXZ,Male,No,No,No,1,No,No phone service,DSL,No,No,No,No,No,No,Month-to-month,No,Mailed check,25.35,25.35,4193,0-12 Months,0,0.7466381188917179,1,74.66,High Risk,Contract upgrade + Security offer
5419-CONWX,Female,Yes,No,No,4,Yes,No,Fiber optic,No,Yes,Yes,No,Yes,Yes,Month-to-month,Yes,Credit card (automatic),99.8,442.85,2268,0-12 Months,1,0.8386603151646089,1,83.87,High Risk,Contract upgrade + Security offer
9286-DOJGF,Female,Yes,Yes,No,38,Yes,Yes,Fiber optic,No,No,No,No,No,No,Month-to-month,Yes,Bank transfer (automatic),74.95,2869.85,5165,25-48 Months,1,0.706795264558932,1,70.68,High Risk,Contract upgrade + Security offer
2408-PSJVE,Male,No,Yes,Yes,44,Yes,No,DSL,No,Yes,Yes,Yes,No,No,Month-to-month,Yes,Mailed check,61.9,2924.05,4388,25-48 Months,0,0.07216344677062475,0,7.22,Low Risk,Monitor
2087-QAREY,Female,No,Yes,No,22,Yes,No,DSL,No,Yes,Yes,No,No,No,Month-to-month,Yes,Mailed check,54.7,1178.75,5722,13-24 Months,0,0.5411221369112142,0,54.11,Medium Risk,Monitor
6777-TGHTM,Female,No,No,No,53,Yes,Yes,Fiber optic,Yes,No,Yes,No,Yes,Yes,One year,Yes,Credit card (automatic),106.95,5785.5,5550,49+ Months,1,0.4078037951867016,0,40.78,Medium Risk,Monitor
6507-ZJSUR,Male,Yes,Yes,No,23,Yes,No,Fiber optic,No,No,No,No,Yes,Yes,Month-to-month,Yes,Electronic check,90.45,2117.25,5272,13-24 Months,0,0.8855795587090999,1,88.56,High Risk,Contract upgrade + Security offer
5025-GOOKI,Female,No,No,No,20,Yes,No,No,No internet service,No internet service,No internet service,No internet service,No internet service,No internet service,Month-to-month,Yes,Credit card (automatic),18.9,347.65,4277,13-24 Months,0,0.30997675989468637,0,31.0,Low Risk,Monitor
6080-LNESI,Male,No,No,No,51,Yes,Yes,No,No internet service,No internet service,No internet service,No internet service,No internet service,No internet service,Two year,No,Mailed check,24.75,1234.6,5080,49+ Months,0,0.028592581659962486,0,2.86,Low Risk,Monitor
2236-HILPA,Male,No,Yes,Yes,62,Yes,No,No,No internet service,No internet service,No internet service,No internet service,No internet service,No internet service,Two year,No,Credit card (automatic),20.65,1218.45,6403,49+ Months,0,0.003311608665518579,0,0.33,Low Risk,Monitor
1386-ZIKUV,Male,No,No,No,7,Yes,No,No,No internet service,No internet service,No internet service,No internet service,No internet service,No internet service,Month-to-month,Yes,Mailed check,18.95,130.55,4097,0-12 Months,0,0.46394696921843326,0,46.39,Medium Risk,Monitor
3365-SAIGS,Female,No,No,No,17,Yes,No,Fiber optic,No,Yes,No,No,Yes,No,Month-to-month,Yes,Electronic check,83.55,1329.15,5564,13-24 Months,0,0.8182382412983951,1,81.82,High Risk,Contract upgrade + Security offer
6061-GWWAV,Male,No,No,Yes,41,Yes,No,DSL,Yes,Yes,Yes,No,Yes,No,One year,No,Mailed check,70.2,2894.55,5365,25-48 Months,0,0.027130123601246257,0,2.71,Low Risk,Monitor
9979-RGMZT,Female,No,No,No,7,Yes,No,Fiber optic,No,Yes,No,No,Yes,Yes,One year,Yes,Mailed check,94.05,633.45,5545,0-12 Months,0,0.7135666709393342,1,71.36,High Risk,Promote Online Security
8445-DNBAE,Male,No,No,Yes,1,Yes,Yes,DSL,No,No,No,No,No,No,Month-to-month,Yes,Electronic check,50.05,50.05,5523,0-12 Months,0,0.46833552135417617,0,46.83,Medium Risk,Monitor
6872-HXFNF,Female,No,Yes,No,64,Yes,Yes,DSL,No,No,Yes,Yes,No,No,One year,No,Bank transfer (automatic),58.35,3756.45,5331,49+ Months,0,0.08242233321119952,0,8.24,Low Risk,Monitor
1320-HTRDR,Female,No,No,No,3,Yes,Yes,Fiber optic,No,No,No,No,No,No,Month-to-month,Yes,Electronic check,75.5,220.6,5948,0-12 Months,1,0.8916854700482313,1,89.17,High Risk,Contract upgrade + Security offer
3923-CSIHK,Female,Yes,Yes,No,50,Yes,No,Fiber optic,No,No,No,No,No,No,Month-to-month,Yes,Electronic check,71.05,3444.85,5746,49+ Months,1,0.6344781468142078,1,63.45,High Risk,Contract upgrade + Security offer
2446-ZKVAF,Male,No,Yes,No,18,Yes,Yes,DSL,No,Yes,No,No,No,No,Month-to-month,No,Credit card (automatic),56.8,1074.65,5558,13-24 Months,0,0.5684520287112806,0,56.85,Medium Risk,Monitor
4640-UHDOS,Female,No,Yes,No,13,Yes,No,DSL,No,No,No,No,No,Yes,Month-to-month,No,Electronic check,55.95,734.35,4498,13-24 Months,1,0.7189284589340091,1,71.89,High Risk,Contract upgrade + Security offer
5457-COLHT,Male,No,Yes,Yes,69,Yes,No,DSL,Yes,Yes,No,Yes,Yes,Yes,Two year,No,Bank transfer (automatic),80.65,5542.55,4618,49+ Months,0,0.00792454569009521,0,0.79,Low Risk,Monitor
2254-DLXRI,Female,No,No,No,1,Yes,Yes,Fiber optic,No,Yes,No,No,No,No,Month-to-month,Yes,Mailed check,79.15,79.15,2742,0-12 Months,0,0.8367473798415438,1,83.67,High Risk,Contract upgrade + Security offer
5339-PXDVH,Male,No,No,No,4,Yes,Yes,Fiber optic,Yes,No,No,No,Yes,No,Month-to-month,No,Electronic check,90.65,367.95,3559,0-12 Months,0,0.8272594995140219,1,82.73,High Risk,Contract upgrade + Tech Support
2386-LAHRK,Male,No,No,No,1,Yes,No,DSL,No,No,No,No,Yes,No,Month-to-month,Yes,Mailed check,53.5,53.5,5094,0-12 Months,1,0.753935562091473,1,75.39,High Risk,Contract upgrade + Security offer
5062-CJJKH,Male,No,Yes,Yes,25,Yes,No,DSL,No,Yes,Yes,No,No,No,One year,No,Mailed check,53.65,1355.45,5854,25-48 Months,0,0.06708148710122706,0,6.71,Low Risk,Monitor
8930-XOTDP,Female,No,Yes,Yes,18,Yes,No,DSL,No,No,No,No,Yes,No,Month-to-month,No,Mailed check,55.95,1082.8,2035,13-24 Months,0,0.2161286125965086,0,21.61,Low Risk,Monitor
4779-ZGICK,Male,No,Yes,Yes,48,Yes,Yes,No,No internet service,No internet service,No internet service,No internet service,No internet service,No internet service,Two year,No,Mailed check,23.55,1173.35,5019,25-48 Months,0,0.00880046316639592,0,0.88,Low Risk,Monitor
9534-NSXEM,Male,No,No,No,26,Yes,No,No,No internet service,No internet service,No internet service,No internet service,No internet service,No internet service,One year,Yes,Credit card (automatic),20.65,595.5,2194,25-48 Months,0,0.13320894222852098,0,13.32,Low Risk,Monitor
3716-BDVDB,Male,No,No,No,1,Yes,No,Fiber optic,No,No,No,No,No,No,Month-to-month,Yes,Electronic check,69.1,69.1,5795,0-12 Months,1,0.8776228799018009,1,87.76,High Risk,Contract upgrade + Security offer
9842-EFSYY,Female,No,No,Yes,4,No,No phone service,DSL,Yes,Yes,Yes,No,Yes,Yes,Month-to-month,Yes,Mailed check,57.2,223.75,2421,0-12 Months,0,0.37694662416588565,0,37.69,Low Risk,Monitor
9122-UMROB,Male,No,No,No,1,Yes,No,No,No internet service,No internet service,No internet service,No internet service,No internet service,No internet service,Month-to-month,No,Mailed check,20.3,20.3,4270,0-12 Months,0,0.44662854528256773,0,44.66,Medium Risk,Monitor
1867-BDVFH,Male,No,Yes,No,11,Yes,Yes,Fiber optic,No,No,No,No,No,No,Month-to-month,Yes,Electronic check,74.35,834.2,5075,0-12 Months,1,0.8964752985715908,1,89.65,High Risk,Contract upgrade + Security offer
5949-EBSQK,Male,No,Yes,Yes,4,Yes,No,DSL,No,No,No,Yes,No,Yes,Month-to-month,No,Credit card (automatic),61.45,229.55,2131,0-12 Months,1,0.24104422888564137,0,24.1,Low Risk,Monitor
4160-AMJTL,Female,Yes,No,No,8,Yes,No,No,No internet service,No internet service,No internet service,No internet service,No internet service,No internet service,Month-to-month,No,Electronic check,19.65,164.3,5432,0-12 Months,1,0.4676657558010202,0,46.77,Medium Risk,Monitor
8622-ZLFKO,Female,No,Yes,No,6,Yes,Yes,Fiber optic,No,Yes,No,No,No,Yes,Month-to-month,Yes,Electronic check,90.75,512.25,4297,0-12 Months,0,0.9130074592215686,1,91.3,High Risk,Contract upgrade + Security offer
2990-IAJSV,Male,No,No,No,72,Yes,Yes,DSL,Yes,Yes,Yes,Yes,Yes,Yes,Two year,No,Bank transfer (automatic),92.0,6632.75,4200,49+ Months,0,0.03799366948362126,0,3.8,Low Risk,Monitor
6064-ZATLR,Female,No,No,No,27,Yes,No,DSL,Yes,Yes,No,No,No,No,Two year,No,Bank transfer (automatic),52.85,1498.65,2842,25-48 Months,0,0.08354305493955802,0,8.35,Low Risk,Monitor
7409-KIUTL,Female,Yes,No,No,1,Yes,No,Fiber optic,No,No,No,No,No,No,Month-to-month,Yes,Electronic check,71.0,71.0,5345,0-12 Months,1,0.8731849604820795,1,87.32,High Risk,Contract upgrade + Security offer
5505-OVWQW,Female,No,No,No,17,Yes,No,No,No internet service,No internet service,No internet service,No internet service,No internet service,No internet service,One year,No,Mailed check,20.15,353.65,4650,13-24 Months,0,0.1507471380214356,0,15.07,Low Risk,Monitor
3948-KXDUF,Male,No,No,No,66,Yes,Yes,DSL,Yes,Yes,Yes,Yes,No,No,Two year,No,Bank transfer (automatic),68.75,4447.55,5454,49+ Months,0,0.02261546138650361,0,2.26,Low Risk,Monitor
9814-AOUDH,Male,No,No,No,53,Yes,No,No,No internet service,No internet service,No internet service,No internet service,No internet service,No internet service,Two year,No,Credit card (automatic),19.5,1050.5,5625,49+ Months,0,0.01898584471698988,0,1.9,Low Risk,Monitor
7398-LXGYX,Male,No,Yes,No,44,Yes,Yes,Fiber optic,Yes,No,Yes,No,No,No,Month-to-month,Yes,Credit card (automatic),84.8,3626.35,2770,25-48 Months,0,0.5595729970181342,0,55.96,Medium Risk,Monitor
5266-PFRQK,Male,No,Yes,Yes,52,Yes,No,No,No internet service,No internet service,No internet service,No internet service,No internet service,No internet service,One year,Yes,Credit card (automatic),20.85,1071.6,4886,49+ Months,0,0.01279384573887956,0,1.28,Low Risk,Monitor
1568-BEKZM,Male,Yes,Yes,No,70,Yes,Yes,DSL,Yes,Yes,Yes,Yes,Yes,Yes,Two year,No,Credit card (automatic),90.05,6333.4,4666,49+ Months,0,0.05417992369405578,0,5.42,Low Risk,Monitor
2692-PFYTJ,Female,No,No,No,1,Yes,Yes,No,No internet service,No internet service,No internet service,No internet service,No internet service,No internet service,Month-to-month,Yes,Mailed check,25.75,25.75,2569,0-12 Months,0,0.5719009411752135,0,57.19,Medium Risk,Monitor
2533-QVMSK,Male,No,Yes,No,61,Yes,Yes,Fiber optic,No,Yes,No,Yes,Yes,No,Two year,Yes,Electronic check,94.1,5638.3,6295,49+ Months,1,0.2873787917939072,0,28.74,Low Risk,Monitor
5828-AVIPD,Male,No,Yes,No,19,Yes,Yes,Fiber optic,No,No,No,Yes,Yes,Yes,One year,Yes,Electronic check,100.95,1875.55,4072,13-24 Months,1,0.775598266990775,1,77.56,High Risk,Promote Online Security
2907-ILJBN,Female,No,Yes,No,11,Yes,No,No,No internet service,No internet service,No internet service,No internet service,No internet service,No internet service,One year,No,Mailed check,20.6,233.9,4047,0-12 Months,0,0.2309859944768447,0,23.1,Low Risk,Monitor
5226-NOZFC,Male,No,No,No,26,Yes,No,Fiber optic,No,Yes,No,No,Yes,No,Month-to-month,Yes,Electronic check,85.75,2146.5,3178,25-48 Months,0,0.7654550980831768,1,76.55,High Risk,Contract upgrade + Security offer
7114-AEOZE,Female,No,No,No,60,Yes,No,No,No internet service,No internet service,No internet service,No internet service,No internet service,No internet service,Two year,No,Bank transfer (automatic),19.85,1128.1,6213,49+ Months,0,0.013644055599277649,0,1.36,Low Risk,Monitor
2202-CUYXZ,Male,No,No,No,1,Yes,No,Fiber optic,No,No,Yes,No,Yes,No,Month-to-month,Yes,Electronic check,84.85,84.85,3086,0-12 Months,1,0.886027430727356,1,88.6,High Risk,Contract upgrade + Security offer
3466-RITXD,Male,No,No,No,26,Yes,Yes,Fiber optic,Yes,Yes,No,No,Yes,No,Month-to-month,Yes,Credit card (automatic),92.4,2349.8,5461,25-48 Months,0,0.6871729347754448,1,68.72,High Risk,Contract upgrade + Tech Support
7278-CKDNC,Male,Yes,No,No,24,Yes,Yes,Fiber optic,No,Yes,No,No,No,No,Month-to-month,Yes,Electronic check,80.5,2088.45,4422,13-24 Months,0,0.7972306624139077,1,79.72,High Risk,Contract upgrade + Security offer
1956-YIFGE,Male,No,Yes,Yes,22,Yes,No,Fiber optic,No,Yes,Yes,No,Yes,Yes,One year,Yes,Mailed check,100.05,2090.25,3274,13-24 Months,0,0.27770622273755025,0,27.77,Low Risk,Monitor
0422-UXFAP,Female,No,Yes,No,51,Yes,Yes,Fiber optic,No,No,Yes,No,Yes,Yes,One year,Yes,Electronic check,98.85,4947.55,6034,49+ Months,0,0.6640879749905797,1,66.41,High Risk,Promote Online Security
3733-UOCWF,Male,Yes,Yes,No,61,Yes,Yes,Fiber optic,No,Yes,No,Yes,No,No,One year,Yes,Bank transfer (automatic),85.55,5251.75,4845,49+ Months,0,0.26871789278966735,0,26.87,Low Risk,Monitor
7191-ADRGF,Male,No,Yes,No,44,No,No phone service,DSL,No,Yes,Yes,No,Yes,Yes,Two year,No,Bank transfer (automatic),54.3,2390.45,3222,25-48 Months,0,0.19123160190173003,0,19.12,Low Risk,Monitor
5709-LVOEQ,Female,No,Yes,No,0,Yes,No,DSL,Yes,Yes,Yes,No,Yes,Yes,Two year,No,Mailed check,80.85,0.0,2048,0-12 Months,0,0.312749685428357,0,31.27,Low Risk,Monitor
6034-YMTOB,Female,No,No,No,5,Yes,No,Fiber optic,No,No,No,Yes,No,No,Month-to-month,Yes,Mailed check,75.65,399.45,2296,0-12 Months,0,0.7333660617728065,1,73.34,High Risk,Contract upgrade + Security offer
6372-RFVNS,Female,No,Yes,No,1,Yes,No,Fiber optic,No,No,No,No,Yes,No,Month-to-month,No,Electronic check,78.8,78.8,5075,0-12 Months,1,0.8913068867126883,1,89.13,High Risk,Contract upgrade + Security offer
9052-DHNKM,Male,No,No,No,26,Yes,Yes,DSL,Yes,Yes,No,No,No,No,One year,No,Electronic check,61.55,1581.95,5156,25-48 Months,0,0.2571787596078741,0,25.72,Low Risk,Monitor
5609-IMCGG,Female,No,No,No,15,Yes,Yes,Fiber optic,Yes,No,Yes,No,No,No,Month-to-month,Yes,Credit card (automatic),84.35,1302.65,3314,13-24 Months,0,0.7040045378592437,1,70.4,High Risk,Contract upgrade + Tech Support
2959-MJHIC,Male,No,Yes,No,4,Yes,No,Fiber optic,No,No,No,No,Yes,No,Month-to-month,Yes,Electronic check,80.35,307.4,4167,0-12 Months,1,0.9094170040312106,1,90.94,High Risk,Contract upgrade + Security offer
1319-YLZJG,Male,No,Yes,No,12,Yes,No,Fiber optic,Yes,Yes,Yes,No,No,No,Month-to-month,Yes,Electronic check,84.6,959.9,2499,0-12 Months,0,0.7743312734969156,1,77.43,High Risk,Contract upgrade + Tech Support
7623-TRNQN,Male,No,No,Yes,1,Yes,No,DSL,No,No,No,Yes,No,No,Month-to-month,Yes,Mailed check,49.9,49.9,3113,0-12 Months,1,0.24325302740033514,0,24.33,Low Risk,Monitor
0377-JBKKT,Male,No,Yes,Yes,22,Yes,No,DSL,Yes,Yes,No,Yes,No,No,Month-to-month,Yes,Mailed check,57.95,1271.8,5036,13-24 Months,0,0.11099853032082455,0,11.1,Low Risk,Monitor
1936-CZAKF,Male,No,Yes,No,49,No,No phone service,DSL,No,Yes,No,No,Yes,Yes,Two year,No,Credit card (automatic),49.65,2409.9,4283,49+ Months,0,0.16582779497393813,0,16.58,Low Risk,Monitor
5063-IUOKK,Male,No,No,No,13,Yes,No,No,No internet service,No internet service,No internet service,No internet service,No internet service,No internet service,Two year,No,Mailed check,19.75,265.75,2016,13-24 Months,0,0.10089645854199596,0,10.09,Low Risk,Monitor
8646-JCOMS,Female,No,Yes,No,66,Yes,Yes,Fiber optic,No,Yes,Yes,Yes,No,No,One year,Yes,Bank transfer (automatic),90.55,6130.95,4958,49+ Months,0,0.23674195876466905,0,23.67,Low Risk,Monitor
0979-MOZQI,Male,No,Yes,No,62,No,No phone service,DSL,No,No,No,Yes,Yes,No,Two year,Yes,Bank transfer (automatic),39.0,2337.45,4987,49+ Months,0,0.08709171236607062,0,8.71,Low Risk,Monitor
1525-LNLOJ,Male,No,Yes,No,66,Yes,Yes,DSL,No,No,Yes,No,Yes,No,Two year,Yes,Bank transfer (automatic),63.3,4189.7,4186,49+ Months,0,0.10453680710770157,0,10.45,Low Risk,Monitor
5759-RCVCB,Female,No,No,No,3,No,No phone service,DSL,No,No,No,No,Yes,No,Month-to-month,No,Credit card (automatic),35.2,108.95,5450,0-12 Months,1,0.7620446516325592,1,76.2,High Risk,Contract upgrade + Security offer
9968-FFVVH,Male,No,No,No,63,Yes,Yes,DSL,Yes,Yes,Yes,Yes,No,No,One year,No,Bank transfer (automatic),68.8,4111.35,5082,49+ Months,0,0.04382302806684953,0,4.38,Low Risk,Monitor
2266-FUBDZ,Male,No,Yes,Yes,15,Yes,No,No,No internet service,No internet service,No internet service,No internet service,No internet service,No internet service,Two year,No,Mailed check,19.35,278.85,2742,13-24 Months,0,0.026247073063356448,0,2.62,Low Risk,Monitor
4760-THGOT,Female,No,Yes,No,43,Yes,Yes,Fiber optic,Yes,Yes,No,No,No,Yes,Month-to-month,Yes,Electronic check,94.1,4107.3,4392,25-48 Months,0,0.7239323505136133,1,72.39,High Risk,Contract upgrade + Tech Support
2307-FYNNL,Male,Yes,No,No,65,Yes,Yes,Fiber optic,Yes,No,Yes,Yes,Yes,Yes,Two year,Yes,Electronic check,109.05,7108.2,5692,49+ Months,0,0.24445317943336065,0,24.45,Low Risk,Monitor
1143-NMNQJ,Female,No,No,No,2,Yes,Yes,Fiber optic,No,No,No,No,No,Yes,Month-to-month,Yes,Electronic check,85.7,169.8,2187,0-12 Months,1,0.908672917684604,1,90.87,High Risk,Contract upgrade + Security offer
1629-DQQVB,Female,No,No,No,14,Yes,No,DSL,Yes,No,No,No,No,No,Month-to-month,No,Bank transfer (automatic),50.1,709.5,2331,13-24 Months,0,0.3935870480258647,0,39.36,Low Risk,Monitor
3766-EJLFL,Female,No,Yes,Yes,68,Yes,Yes,Fiber optic,Yes,No,Yes,Yes,Yes,Yes,Two year,Yes,Bank transfer (automatic),109.05,7508.55,6391,49+ Months,0,0.04856008170125044,0,4.86,Low Risk,Monitor
8457-XIGKN,Male,No,No,No,20,Yes,No,No,No internet service,No internet service,No internet service,No internet service,No internet service,No internet service,Month-to-month,Yes,Credit card (automatic),19.6,356.15,5909,13-24 Months,0,0.320119892860096,0,32.01,Low Risk,Monitor
4981-FLTMF,Female,No,Yes,Yes,57,Yes,Yes,DSL,Yes,Yes,No,Yes,No,No,Month-to-month,No,Bank transfer (automatic),65.2,3687.85,4491,49+ Months,0,0.030916281132526122,0,3.09,Low Risk,Monitor
7606-BPHHN,Male,No,No,No,72,Yes,No,No,No internet service,No internet service,No internet service,No internet service,No internet service,No internet service,Two year,Yes,Credit card (automatic),19.8,1468.75,5368,49+ Months,0,0.011255458469779182,0,1.13,Low Risk,Monitor
7005-CCBKV,Male,No,No,No,6,Yes,No,Fiber optic,No,Yes,No,No,No,Yes,Month-to-month,Yes,Electronic check,84.4,556.35,4539,0-12 Months,1,0.8683282665239606,1,86.83,High Risk,Contract upgrade + Security offer
4648-YPBTM,Male,No,No,No,53,Yes,Yes,DSL,No,Yes,Yes,Yes,No,Yes,Two year,Yes,Bank transfer (automatic),73.9,3958.25,5644,49+ Months,0,0.09125505853437203,0,9.13,Low Risk,Monitor
2325-ZUSFD,Female,No,Yes,No,57,Yes,No,DSL,Yes,No,No,No,Yes,Yes,One year,Yes,Bank transfer (automatic),70.1,3913.3,4669,49+ Months,1,0.17510946728790608,0,17.51,Low Risk,Monitor
1240-KNSEZ,Male,No,No,No,1,Yes,No,No,No internet service,No internet service,No internet service,No internet service,No internet service,No internet service,Month-to-month,Yes,Mailed check,20.1,20.1,4933,0-12 Months,1,0.5300922681899001,0,53.01,Medium Risk,Monitor
0430-IHCDJ,Male,No,No,No,15,Yes,Yes,DSL,No,No,No,No,No,No,Month-to-month,Yes,Electronic check,49.0,749.25,2597,13-24 Months,0,0.7177869510138811,1,71.78,High Risk,Contract upgrade + Security offer
7957-RYHQD,Female,Yes,No,No,40,Yes,No,Fiber optic,Yes,Yes,No,No,No,No,Month-to-month,Yes,Credit card (automatic),79.2,3233.85,3207,25-48 Months,1,0.4407355647838399,0,44.07,Medium Risk,Monitor
6164-HAQTX,Male,No,No,No,71,No,No phone service,DSL,Yes,Yes,Yes,Yes,Yes,No,Two year,No,Bank transfer (automatic),53.95,3888.65,4094,49+ Months,0,0.024999595263198473,0,2.5,Low Risk,Monitor
0749-IRGQE,Female,Yes,Yes,No,13,No,No phone service,DSL,No,No,No,No,Yes,Yes,Month-to-month,No,Electronic check,45.3,528.45,4118,13-24 Months,0,0.8425482214968766,1,84.25,High Risk,Contract upgrade + Security offer
1227-UDMZR,Female,No,Yes,No,72,Yes,Yes,DSL,Yes,Yes,Yes,Yes,Yes,Yes,Two year,Yes,Bank transfer (automatic),91.15,6637.9,4311,49+ Months,0,0.06643940087085531,0,6.64,Low Risk,Monitor
5473-KHBPS,Female,No,Yes,Yes,52,Yes,Yes,Fiber optic,No,Yes,Yes,No,Yes,No,One year,Yes,Credit card (automatic),95.7,4976.15,4415,49+ Months,0,0.13797085908881299,0,13.8,Low Risk,Monitor
5297-MDOIR,Female,No,Yes,No,63,Yes,No,Fiber optic,Yes,No,Yes,No,No,No,One year,Yes,Credit card (automatic),81.15,5224.5,5294,49+ Months,0,0.20047337166567605,0,20.05,Low Risk,Monitor
8873-TMKGR,Male,No,No,No,29,Yes,No,No,No internet service,No internet service,No internet service,No internet service,No internet service,No internet service,One year,No,Mailed check,19.1,529.5,5880,25-48 Months,0,0.09896087337766137,0,9.9,Low Risk,Monitor
6481-ESCNL,Female,No,No,No,29,Yes,Yes,Fiber optic,No,No,Yes,No,Yes,Yes,Month-to-month,No,Bank transfer (automatic),100.55,2878.75,4847,25-48 Months,0,0.7410066636874802,1,74.1,High Risk,Contract upgrade + Security offer
0463-WZZKO,Male,No,No,No,3,Yes,No,No,No internet service,No internet service,No internet service,No internet service,No internet service,No internet service,Month-to-month,Yes,Credit card (automatic),20.75,67.1,2406,0-12 Months,0,0.48192079318164754,0,48.19,Medium Risk,Monitor
1038-RQOST,Male,No,Yes,Yes,19,Yes,No,No,No internet service,No internet service,No internet service,No internet service,No internet service,No internet service,Month-to-month,No,Mailed check,20.6,414.95,2276,13-24 Months,0,0.08274723006050273,0,8.27,Low Risk,Monitor
4937-QPZPO,Male,No,Yes,Yes,61,Yes,Yes,Fiber optic,No,No,Yes,No,Yes,Yes,One year,Yes,Electronic check,99.9,6241.35,5641,49+ Months,0,0.23927851548167714,0,23.93,Low Risk,Monitor
3604-WLABM,Female,No,No,No,10,Yes,No,DSL,No,No,Yes,Yes,No,No,Month-to-month,No,Electronic check,54.25,583.0,2253,0-12 Months,0,0.5293922702916561,0,52.94,Medium Risk,Monitor
1360-XFJMR,Female,No,Yes,No,67,Yes,Yes,Fiber optic,No,Yes,Yes,Yes,Yes,Yes,One year,Yes,Credit card (automatic),109.7,7344.45,4017,49+ Months,0,0.3695054968725764,0,36.95,Low Risk,Monitor
8717-VCTXJ,Male,No,No,No,42,Yes,No,No,No internet service,No internet service,No internet service,No internet service,No internet service,No internet service,One year,Yes,Mailed check,19.55,839.4,5293,25-48 Months,0,0.07737825897359824,0,7.74,Low Risk,Monitor
5196-SGOAK,Female,No,No,No,1,Yes,No,Fiber optic,No,Yes,No,No,No,No,Month-to-month,Yes,Electronic check,75.7,75.7,4884,0-12 Months,1,0.852637974354594,1,85.26,High Risk,Contract upgrade + Security offer
8739-XNIKG,Female,No,No,No,5,Yes,Yes,Fiber optic,No,No,No,No,Yes,No,Month-to-month,Yes,Electronic check,84.0,424.75,4456,0-12 Months,0,0.9055134394897002,1,90.55,High Risk,Contract upgrade + Security offer
2320-TZRRH,Female,No,No,No,20,Yes,No,No,No internet service,No internet service,No internet service,No internet service,No internet service,No internet service,One year,No,Mailed check,19.5,403.15,4700,13-24 Months,0,0.13562389953218404,0,13.56,Low Risk,Monitor
5186-SAMNZ,Male,Yes,No,No,1,Yes,No,Fiber optic,No,No,No,No,No,No,Month-to-month,Yes,Bank transfer (automatic),69.5,69.5,3273,0-12 Months,1,0.8247452648194569,1,82.47,High Risk,Contract upgrade + Security offer
5760-FXFVO,Male,No,No,No,6,Yes,No,Fiber optic,Yes,Yes,No,No,No,No,Month-to-month,Yes,Electronic check,78.95,494.95,4093,0-12 Months,0,0.77792879402561,1,77.79,High Risk,Contract upgrade + Tech Support
5380-WJKOV,Male,No,No,Yes,34,Yes,Yes,Fiber optic,No,Yes,Yes,No,Yes,Yes,Month-to-month,Yes,Electronic check,106.35,3549.25,2941,25-48 Months,1,0.46656037862967975,0,46.66,Medium Risk,Monitor
4703-MQYKT,Male,No,No,No,21,Yes,No,No,No internet service,No internet service,No internet service,No internet service,No internet service,No internet service,Two year,No,Mailed check,19.6,390.4,4562,13-24 Months,0,0.07586133905133736,0,7.59,Low Risk,Monitor
2001-MCUUW,Male,No,No,No,46,Yes,Yes,Fiber optic,No,Yes,Yes,Yes,Yes,Yes,Two year,No,Electronic check,108.65,4903.2,4210,25-48 Months,0,0.31016586521533707,0,31.02,Low Risk,Monitor
4947-DSMXK,Male,No,Yes,Yes,34,Yes,Yes,Fiber optic,No,Yes,No,No,Yes,Yes,Month-to-month,Yes,Bank transfer (automatic),97.7,3410.0,5789,25-48 Months,0,0.4762413249596685,0,47.62,Medium Risk,Monitor
0076-LVEPS,Male,No,No,Yes,29,No,No phone service,DSL,Yes,Yes,Yes,Yes,No,No,Month-to-month,Yes,Mailed check,45.0,1242.45,3290,25-48 Months,0,0.09120392334855346,0,9.12,Low Risk,Monitor
5566-SOEZD,Male,No,Yes,Yes,27,Yes,No,Fiber optic,Yes,Yes,No,No,No,No,One year,Yes,Credit card (automatic),80.65,2209.75,5856,25-48 Months,0,0.1254112006232159,0,12.54,Low Risk,Monitor
7408-OFWXJ,Female,No,Yes,No,72,Yes,Yes,DSL,Yes,Yes,Yes,Yes,Yes,Yes,Two year,No,Credit card (automatic),89.8,6510.45,5762,49+ Months,0,0.04983579347596014,0,4.98,Low Risk,Monitor
1097-FSPVW,Female,No,No,No,42,Yes,No,DSL,Yes,No,Yes,No,No,No,Month-to-month,No,Credit card (automatic),54.55,2455.05,5387,25-48 Months,0,0.1932884085548531,0,19.33,Low Risk,Monitor
4412-YLTKF,Female,Yes,No,Yes,27,Yes,Yes,Fiber optic,No,No,Yes,No,No,No,Month-to-month,Yes,Electronic check,78.05,2135.5,4638,25-48 Months,1,0.42632591039556106,0,42.63,Medium Risk,Monitor
0420-TXVSG,Male,No,Yes,No,66,Yes,Yes,DSL,Yes,Yes,Yes,No,No,No,Two year,Yes,Credit card (automatic),66.1,4428.45,5933,49+ Months,0,0.0538940675873016,0,5.39,Low Risk,Monitor
7817-BOQPW,Female,No,No,No,2,Yes,Yes,Fiber optic,No,No,No,No,No,No,Month-to-month,Yes,Electronic check,75.55,166.3,4320,0-12 Months,1,0.8921526848574332,1,89.22,High Risk,Contract upgrade + Security offer
0963-ZBDRN,Male,No,No,No,32,Yes,No,Fiber optic,No,No,No,Yes,Yes,Yes,Month-to-month,Yes,Electronic check,96.2,3183.4,3606,25-48 Months,1,0.756494902089327,1,75.65,High Risk,Contract upgrade + Security offer
9685-WKZGT,Male,Yes,No,No,14,Yes,Yes,Fiber optic,No,No,No,No,No,No,Month-to-month,Yes,Electronic check,74.95,1036.75,2075,13-24 Months,1,0.8503515650108993,1,85.04,High Risk,Contract upgrade + Security offer
2139-FQHLM,Male,No,No,No,19,Yes,No,Fiber optic,No,No,Yes,Yes,Yes,No,Month-to-month,No,Mailed check,89.95,1682.4,3402,13-24 Months,0,0.6203222267425011,1,62.03,High Risk,Contract upgrade + Security offer
5825-XJOCM,Male,No,No,Yes,48,Yes,Yes,DSL,Yes,Yes,Yes,No,No,No,One year,Yes,Bank transfer (automatic),64.4,3035.35,2545,25-48 Months,0,0.02654070582115876,0,2.65,Low Risk,Monitor
0004-TLHLJ,Male,No,No,No,4,Yes,No,Fiber optic,No,No,Yes,No,No,No,Month-to-month,Yes,Electronic check,73.9,280.85,4479,0-12 Months,1,0.8561376162854759,1,85.61,High Risk,Contract upgrade + Security offer
7529-ZDFXI,Male,Yes,Yes,No,57,Yes,Yes,Fiber optic,No,Yes,No,No,No,Yes,Month-to-month,Yes,Electronic check,89.85,4925.35,4429,49+ Months,0,0.7088712842367808,1,70.89,High Risk,Contract upgrade + Security offer
6848-YLDFR,Male,No,Yes,Yes,58,Yes,No,DSL,No,Yes,No,Yes,Yes,Yes,One year,Yes,Credit card (automatic),75.2,4300.8,4559,49+ Months,0,0.03773239274227535,0,3.77,Low Risk,Monitor
5820-PTRYM,Female,Yes,Yes,No,56,Yes,Yes,DSL,Yes,Yes,Yes,Yes,No,No,One year,Yes,Credit card (automatic),68.45,4014.0,4368,49+ Months,0,0.10141682108050219,0,10.14,Low Risk,Monitor
2984-RGEYA,Female,No,Yes,No,69,Yes,No,No,No internet service,No internet service,No internet service,No internet service,No internet service,No internet service,Two year,No,Bank transfer (automatic),19.75,1375.4,5325,49+ Months,0,0.012074926367408407,0,1.21,Low Risk,Monitor
6434-TTGJP,Male,No,Yes,Yes,10,No,No phone service,DSL,Yes,Yes,Yes,Yes,No,Yes,Two year,No,Credit card (automatic),53.7,521.0,5671,0-12 Months,0,0.061795276655469474,0,6.18,Low Risk,Monitor
9643-AVVWI,Female,No,Yes,Yes,3,Yes,No,Fiber optic,No,Yes,No,Yes,No,No,Month-to-month,Yes,Electronic check,80.0,241.3,4264,0-12 Months,0,0.4972708237788506,0,49.73,Medium Risk,Monitor
3506-OVLKD,Male,No,No,No,35,Yes,Yes,No,No internet service,No internet service,No internet service,No internet service,No internet service,No internet service,One year,No,Bank transfer (automatic),26.2,954.9,4419,25-48 Months,0,0.09466801742454518,0,9.47,Low Risk,Monitor
4946-EDSEW,Female,No,Yes,Yes,11,Yes,No,No,No internet service,No internet service,No internet service,No internet service,No internet service,No internet service,Month-to-month,Yes,Mailed check,19.25,180.3,5638,0-12 Months,1,0.1565771874746653,0,15.66,Low Risk,Monitor
2924-KHUVI,Male,No,Yes,No,56,Yes,Yes,Fiber optic,Yes,No,No,No,Yes,Yes,One year,Yes,Electronic check,100.55,5514.95,4847,49+ Months,0,0.5514036688275903,0,55.14,Medium Risk,Monitor
2263-SFSQZ,Male,No,Yes,Yes,51,Yes,Yes,No,No internet service,No internet service,No internet service,No internet service,No internet service,No internet service,Two year,Yes,Mailed check,24.95,1222.25,5461,49+ Months,0,0.010368794149583341,0,1.04,Low Risk,Monitor
5281-BUZGT,Male,Yes,No,No,36,Yes,Yes,Fiber optic,Yes,No,No,No,Yes,No,Month-to-month,Yes,Electronic check,90.85,3186.7,5692,25-48 Months,1,0.7307859495105568,1,73.08,High Risk,Contract upgrade + Tech Support
3717-FDJFU,Male,No,No,Yes,5,Yes,No,No,No internet service,No internet service,No internet service,No internet service,No internet service,No internet service,Two year,No,Mailed check,20.45,106.9,3353,0-12 Months,0,0.03083361163885411,0,3.08,Low Risk,Monitor
2239-CFOUJ,Male,No,Yes,Yes,1,Yes,No,No,No internet service,No internet service,No internet service,No internet service,No internet service,No internet service,One year,No,Mailed check,20.4,20.4,4540,0-12 Months,0,0.08698630813494466,0,8.7,Low Risk,Monitor
8699-ASUFO,Male,Yes,Yes,No,7,Yes,Yes,Fiber optic,No,No,No,No,No,No,Month-to-month,Yes,Mailed check,74.4,527.9,4969,0-12 Months,1,0.8757489227669979,1,87.57,High Risk,Contract upgrade + Security offer
1122-YJBCS,Male,No,Yes,No,69,Yes,No,DSL,Yes,Yes,No,No,No,No,One year,Yes,Credit card (automatic),53.65,3804.4,6092,49+ Months,0,0.06474560188681935,0,6.47,Low Risk,Monitor
0628-CNQRM,Male,No,Yes,No,22,Yes,No,DSL,Yes,No,Yes,Yes,Yes,No,One year,Yes,Bank transfer (automatic),67.5,1544.05,3378,13-24 Months,1,0.2790080298934888,0,27.9,Low Risk,Monitor
1705-GUHPV,Female,No,No,No,63,Yes,Yes,No,No internet service,No internet service,No internet service,No internet service,No internet service,No internet service,Two year,No,Mailed check,24.2,1618.2,4948,49+ Months,0,0.01715266194372628,0,1.72,Low Risk,Monitor
4877-TSOFF,Female,No,Yes,Yes,55,Yes,Yes,DSL,Yes,Yes,No,Yes,No,Yes,One year,Yes,Bank transfer (automatic),75.75,4264.25,4489,49+ Months,0,0.030090154002118872,0,3.01,Low Risk,Monitor
7404-JLKQG,Female,No,No,No,3,Yes,No,DSL,No,No,Yes,No,Yes,No,Month-to-month,No,Electronic check,57.55,161.45,4099,0-12 Months,0,0.7299736972977877,1,73.0,High Risk,Contract upgrade + Security offer
0379-DJQHR,Male,No,Yes,No,67,Yes,No,DSL,Yes,Yes,Yes,No,Yes,Yes,Two year,No,Credit card (automatic),81.35,5398.6,4219,49+ Months,0,0.05337560128963486,0,5.34,Low Risk,Monitor
8993-PHFWD,Female,No,No,No,3,No,No phone service,DSL,No,No,No,No,No,No,Month-to-month,No,Electronic check,25.25,58.9,2088,0-12 Months,1,0.7833345388705968,1,78.33,High Risk,Contract upgrade + Security offer
3930-ZGWVE,Male,No,No,No,1,Yes,No,No,No internet service,No internet service,No internet service,No internet service,No internet service,No internet service,Month-to-month,No,Mailed check,19.75,19.75,2484,0-12 Months,0,0.4405542573196126,0,44.06,Medium Risk,Monitor
1965-DDBWU,Male,No,No,No,16,Yes,Yes,Fiber optic,No,No,No,Yes,No,Yes,Month-to-month,Yes,Credit card (automatic),89.05,1448.6,5953,13-24 Months,1,0.7793655269966545,1,77.94,High Risk,Contract upgrade + Security offer
7572-KPVKK,Male,No,No,Yes,62,Yes,Yes,Fiber optic,No,No,Yes,Yes,Yes,Yes,Two year,Yes,Electronic check,104.05,6590.5,5900,49+ Months,0,0.08642597589476518,0,8.64,Low Risk,Monitor
6854-EXGSF,Female,No,No,No,8,Yes,Yes,DSL,Yes,Yes,Yes,No,No,No,Month-to-month,Yes,Bank transfer (automatic),65.5,573.15,3033,0-12 Months,0,0.5499483813866292,0,54.99,Medium Risk,Monitor
9483-GCPWE,Male,No,No,Yes,9,Yes,No,No,No internet service,No internet service,No internet service,No internet service,No internet service,No internet service,One year,No,Mailed check,20.1,190.25,3444,0-12 Months,0,0.04745267522301962,0,4.75,Low Risk,Monitor
8053-WWDRO,Female,No,Yes,No,6,Yes,No,No,No internet service,No internet service,No internet service,No internet service,No internet service,No internet service,Month-to-month,No,Bank transfer (automatic),19.5,146.3,5579,0-12 Months,1,0.4566782828486818,0,45.67,Medium Risk,Monitor
9473-CBZOP,Female,No,No,No,28,Yes,Yes,DSL,Yes,No,Yes,No,No,No,One year,No,Mailed check,59.0,1654.45,4891,25-48 Months,0,0.19637931682666115,0,19.64,Low Risk,Monitor
3985-HOYPM,Male,No,No,No,26,Yes,No,No,No internet service,No internet service,No internet service,No internet service,No internet service,No internet service,One year,No,Mailed check,19.4,525.55,4602,25-48 Months,0,0.10979154454362816,0,10.98,Low Risk,Monitor
8378-LKJAF,Male,No,Yes,Yes,38,Yes,Yes,Fiber optic,No,No,Yes,No,Yes,Yes,Month-to-month,Yes,Credit card (automatic),101.15,3956.7,3738,25-48 Months,0,0.44884055452171273,0,44.88,Medium Risk,Monitor
1310-QRITU,Female,No,No,No,18,Yes,Yes,DSL,No,No,No,No,No,No,Month-to-month,Yes,Electronic check,50.3,913.3,5877,13-24 Months,0,0.6975902640182583,1,69.76,High Risk,Contract upgrade + Security offer
3237-AJGEH,Female,No,Yes,Yes,3,No,No phone service,DSL,No,No,No,Yes,No,No,Month-to-month,Yes,Mailed check,31.0,95.05,5122,0-12 Months,1,0.39918784897952625,0,39.92,Low Risk,Monitor
6542-LWGXJ,Male,No,Yes,No,3,No,No phone service,DSL,No,No,No,No,No,No,Month-to-month,No,Mailed check,25.0,78.25,2730,0-12 Months,0,0.7774173971854144,1,77.74,High Risk,Contract upgrade + Security offer
6953-PBDIN,Male,No,Yes,No,70,Yes,Yes,DSL,No,Yes,Yes,Yes,Yes,No,Two year,No,Bank transfer (automatic),72.95,5265.55,6466,49+ Months,0,0.05348048329812807,0,5.35,Low Risk,Monitor
6332-FBZRI,Male,No,Yes,Yes,67,Yes,Yes,DSL,Yes,Yes,Yes,Yes,No,No,One year,Yes,Credit card (automatic),69.35,4653.25,5589,49+ Months,0,0.014690272034991063,0,1.47,Low Risk,Monitor
9365-CSLBQ,Male,No,No,Yes,71,Yes,Yes,No,No internet service,No internet service,No internet service,No internet service,No internet service,No internet service,Two year,No,Mailed check,24.35,1654.6,4155,49+ Months,0,0.002342485304045613,0,0.23,Low Risk,Monitor
3466-WAESX,Male,No,No,Yes,16,Yes,Yes,DSL,Yes,Yes,No,No,No,Yes,Month-to-month,Yes,Electronic check,69.1,1083.7,5172,13-24 Months,0,0.2824832603694807,0,28.25,Low Risk,Monitor
9700-ISPUP,Female,No,Yes,Yes,10,Yes,No,DSL,No,Yes,No,Yes,No,Yes,Month-to-month,Yes,Electronic check,65.5,616.9,3137,0-12 Months,0,0.3173436533346488,0,31.73,Low Risk,Monitor
5167-ZFFMM,Male,No,No,No,1,Yes,Yes,Fiber optic,No,Yes,No,No,No,Yes,Month-to-month,Yes,Credit card (automatic),90.85,90.85,3424,0-12 Months,1,0.8615747129700025,1,86.16,High Risk,Contract upgrade + Security offer
7669-LCRSD,Male,No,Yes,Yes,12,Yes,No,DSL,No,No,No,No,Yes,No,Month-to-month,Yes,Mailed check,56.3,628.65,2047,0-12 Months,0,0.3197430139004161,0,31.97,Low Risk,Monitor
0870-VEMYL,Female,No,No,No,5,Yes,No,DSL,Yes,No,No,Yes,No,No,Month-to-month,No,Credit card (automatic),53.85,259.8,5435,0-12 Months,1,0.40819548790268706,0,40.82,Medium Risk,Monitor
2995-UPRYS,Female,Yes,Yes,No,40,Yes,No,Fiber optic,No,Yes,No,Yes,Yes,Yes,One year,Yes,Credit card (automatic),99.2,4062.2,5098,25-48 Months,1,0.48559273271507725,0,48.56,Medium Risk,Monitor
3179-GBRWV,Male,Yes,Yes,No,21,Yes,No,DSL,Yes,Yes,No,No,No,Yes,Month-to-month,Yes,Bank transfer (automatic),64.95,1339.8,4604,13-24 Months,0,0.5360354224542516,0,53.6,Medium Risk,Monitor
0701-TJSEF,Male,No,No,No,9,Yes,No,DSL,Yes,No,Yes,Yes,No,Yes,Month-to-month,Yes,Bank transfer (automatic),68.25,576.95,4366,0-12 Months,0,0.5029263490083963,0,50.29,Medium Risk,Monitor
1848-LBZHY,Female,No,Yes,No,7,Yes,No,DSL,Yes,No,No,No,No,No,Month-to-month,Yes,Bank transfer (automatic),50.3,355.1,2547,0-12 Months,0,0.605946222082212,0,60.59,Medium Risk,Monitor
5380-XPJNZ,Female,No,No,No,38,Yes,No,No,No internet service,No internet service,No internet service,No internet service,No internet service,No internet service,One year,No,Mailed check,20.05,678.2,4539,25-48 Months,0,0.06379125922275768,0,6.38,Low Risk,Monitor
6608-QQLVK,Male,No,No,No,1,Yes,No,DSL,No,No,Yes,No,No,No,Month-to-month,Yes,Electronic check,50.5,50.5,2077,0-12 Months,1,0.7528406839447135,1,75.28,High Risk,Contract upgrade + Security offer
1475-VWVDO,Male,No,No,No,7,Yes,No,Fiber optic,No,No,Yes,No,No,No,Month-to-month,Yes,Electronic check,74.9,490.55,5335,0-12 Months,0,0.8430249881935736,1,84.3,High Risk,Contract upgrade + Security offer
3721-CNEYS,Female,No,No,No,2,Yes,No,Fiber optic,No,No,No,No,No,No,Month-to-month,Yes,Electronic check,70.95,137.95,5390,0-12 Months,1,0.8663061950365483,1,86.63,High Risk,Contract upgrade + Security offer
4299-OPXEJ,Female,No,No,No,56,Yes,No,No,No internet service,No internet service,No internet service,No internet service,No internet service,No internet service,Two year,Yes,Bank transfer (automatic),19.55,1080.55,5764,49+ Months,0,0.02231234823487583,0,2.23,Low Risk,Monitor
0096-BXERS,Female,No,Yes,No,6,Yes,Yes,DSL,No,No,No,No,No,No,Month-to-month,No,Electronic check,50.35,314.55,3442,0-12 Months,0,0.7693328749757149,1,76.93,High Risk,Contract upgrade + Security offer
3055-VTCGS,Female,No,No,No,63,Yes,No,DSL,No,No,Yes,No,No,Yes,One year,No,Credit card (automatic),58.55,3503.5,6312,49+ Months,0,0.08618210224436172,0,8.62,Low Risk,Monitor
9405-GPBBG,Female,No,No,No,64,Yes,Yes,Fiber optic,No,Yes,Yes,Yes,Yes,Yes,Two year,Yes,Credit card (automatic),110.5,7069.25,5718,49+ Months,0,0.20994190468827886,0,20.99,Low Risk,Monitor
6704-UTUKK,Male,No,Yes,No,29,No,No phone service,DSL,No,No,No,No,Yes,Yes,Month-to-month,Yes,Electronic check,45.9,1332.4,5074,25-48 Months,0,0.8011803937405209,1,80.12,High Risk,Contract upgrade + Security offer
9944-AEXBM,Male,No,No,No,32,Yes,Yes,Fiber optic,No,No,No,No,No,Yes,Month-to-month,Yes,Bank transfer (automatic),85.65,2664.3,2383,25-48 Months,0,0.7330617909248393,1,73.31,High Risk,Contract upgrade + Security offer
2545-EBUPK,Female,Yes,No,No,2,Yes,Yes,Fiber optic,No,No,No,No,No,Yes,Month-to-month,Yes,Electronic check,84.05,186.05,5039,0-12 Months,0,0.917882085141142,1,91.79,High Risk,Contract upgrade + Security offer
6270-OMFIW,Male,No,Yes,No,60,Yes,No,Fiber optic,No,Yes,No,No,Yes,Yes,One year,Yes,Electronic check,94.4,5610.25,4990,49+ Months,1,0.5127695548070776,0,51.28,Medium Risk,Monitor
1852-XEMDW,Male,No,No,No,22,Yes,Yes,DSL,Yes,Yes,Yes,No,No,No,Month-to-month,No,Mailed check,65.05,1427.55,4709,13-24 Months,0,0.37362880207825055,0,37.36,Low Risk,Monitor
8158-WPEZG,Male,No,No,No,11,No,No phone service,DSL,No,Yes,No,Yes,No,No,Month-to-month,Yes,Electronic check,35.65,425.1,4986,0-12 Months,0,0.7048979158429268,1,70.49,High Risk,Contract upgrade + Security offer
5198-EFNBM,Male,Yes,Yes,No,57,Yes,No,Fiber optic,No,Yes,Yes,No,Yes,No,One year,Yes,Electronic check,90.65,5199.8,5636,49+ Months,0,0.4587827054540546,0,45.88,Medium Risk,Monitor
7663-RGWBC,Male,No,No,No,1,Yes,No,DSL,No,No,No,No,No,No,Month-to-month,Yes,Mailed check,44.15,44.15,4773,0-12 Months,1,0.7094494391611393,1,70.94,High Risk,Contract upgrade + Security offer
3970-XGJDU,Female,No,No,No,62,Yes,No,No,No internet service,No internet service,No internet service,No internet service,No internet service,No internet service,Two year,Yes,Credit card (automatic),19.2,1123.65,4937,49+ Months,0,0.016542122424945235,0,1.65,Low Risk,Monitor
6845-RGTYS,Female,No,Yes,No,47,Yes,Yes,Fiber optic,Yes,Yes,Yes,No,Yes,No,Month-to-month,Yes,Electronic check,98.75,4533.7,4622,25-48 Months,1,0.6872432004046101,1,68.72,High Risk,Contract upgrade + Tech Support
0123-CRBRT,Female,No,Yes,No,61,Yes,Yes,DSL,Yes,Yes,Yes,Yes,Yes,Yes,Two year,No,Mailed check,88.1,5526.75,5152,49+ Months,0,0.07174326775620703,0,7.17,Low Risk,Monitor
6077-BDPXA,Female,No,No,No,3,Yes,No,Fiber optic,No,No,No,No,No,No,Month-to-month,Yes,Electronic check,70.15,194.2,2228,0-12 Months,0,0.8563759286519401,1,85.64,High Risk,Contract upgrade + Security offer
2250-IVBWA,Male,No,Yes,Yes,64,Yes,No,Fiber optic,Yes,Yes,No,No,No,No,Month-to-month,No,Electronic check,81.05,5135.35,5168,49+ Months,0,0.0943372243527958,0,9.43,Low Risk,Monitor
6137-NICCO,Female,No,Yes,Yes,6,Yes,Yes,Fiber optic,No,Yes,Yes,No,Yes,No,Month-to-month,Yes,Mailed check,94.05,518.75,3083,0-12 Months,0,0.5705721863509481,0,57.06,Medium Risk,Monitor
8129-GMVGI,Female,No,Yes,Yes,56,Yes,No,No,No internet service,No internet service,No internet service,No internet service,No internet service,No internet service,Two year,No,Mailed check,20.05,1090.1,5172,49+ Months,0,0.004339198883755757,0,0.43,Low Risk,Monitor
4353-HYOJD,Female,No,Yes,Yes,27,Yes,No,DSL,No,Yes,No,No,No,No,Month-to-month,No,Mailed check,49.85,1336.15,5580,25-48 Months,0,0.12608953011974963,0,12.61,Low Risk,Monitor
8671-KKKOS,Female,No,Yes,No,46,No,No phone service,DSL,Yes,Yes,No,No,Yes,No,Month-to-month,No,Electronic check,45.55,2062.15,5565,25-48 Months,0,0.40841727759986557,0,40.84,Medium Risk,Monitor
8080-DDEMJ,Male,Yes,No,No,1,Yes,No,DSL,No,No,No,No,No,No,Month-to-month,No,Electronic check,45.1,45.1,4499,0-12 Months,1,0.7191572036911217,1,71.92,High Risk,Contract upgrade + Security offer
6698-OXETB,Male,No,No,No,11,Yes,No,No,No internet service,No internet service,No internet service,No internet service,No internet service,No internet service,Two year,No,Mailed check,20.4,231.45,5397,0-12 Months,0,0.11471359366223484,0,11.47,Low Risk,Monitor
3312-UUMZW,Male,No,Yes,No,32,Yes,Yes,Fiber optic,No,Yes,No,No,Yes,Yes,Month-to-month,Yes,Credit card (automatic),98.85,3145.9,3981,25-48 Months,0,0.8189217099666528,1,81.89,High Risk,Contract upgrade + Security offer
6376-GAHQE,Male,No,No,No,4,Yes,No,Fiber optic,No,No,No,No,Yes,No,Month-to-month,No,Electronic check,77.85,299.2,2140,0-12 Months,1,0.8473714738843733,1,84.74,High Risk,Contract upgrade + Security offer
0733-VUNUW,Male,No,No,No,24,Yes,Yes,DSL,Yes,No,No,No,No,No,Month-to-month,Yes,Bank transfer (automatic),55.65,1400.55,4126,13-24 Months,1,0.4625340337378188,0,46.25,Medium Risk,Monitor
6733-LRIZX,Male,No,No,No,35,Yes,Yes,Fiber optic,Yes,No,Yes,Yes,Yes,Yes,Two year,Yes,Electronic check,108.95,4025.5,5903,25-48 Months,0,0.41233971634679356,0,41.23,Medium Risk,Monitor
2165-VOEGB,Female,No,No,No,46,Yes,No,Fiber optic,Yes,Yes,No,Yes,Yes,Yes,One year,Yes,Bank transfer (automatic),105.2,4822.85,3322,25-48 Months,1,0.284153678021861,0,28.42,Low Risk,Monitor
1853-UDXBW,Male,No,Yes,No,1,Yes,No,Fiber optic,No,No,No,No,No,No,Month-to-month,Yes,Electronic check,70.0,70.0,2485,0-12 Months,1,0.8973822397430192,1,89.74,High Risk,Contract upgrade + Security offer
9070-BCKQP,Female,No,Yes,No,72,Yes,Yes,Fiber optic,Yes,No,Yes,Yes,Yes,Yes,Two year,Yes,Credit card (automatic),110.15,7881.2,4498,49+ Months,0,0.17848888031195756,0,17.85,Low Risk,Monitor
1035-IPQPU,Female,Yes,Yes,No,63,Yes,Yes,Fiber optic,No,Yes,Yes,No,Yes,Yes,Month-to-month,Yes,Electronic check,103.5,6479.4,5187,49+ Months,0,0.748486707160554,1,74.85,High Risk,Contract upgrade + Security offer
2057-ZBLPD,Female,No,Yes,No,21,Yes,Yes,Fiber optic,No,No,No,No,No,Yes,Month-to-month,Yes,Electronic check,86.5,1808.7,2036,13-24 Months,1,0.8792811318416986,1,87.93,High Risk,Contract upgrade + Security offer
6967-PEJLL,Male,No,Yes,Yes,37,No,No phone service,DSL,Yes,No,Yes,Yes,No,No,One year,Yes,Electronic check,40.2,1525.35,2308,25-48 Months,0,0.06552997307449458,0,6.55,Low Risk,Monitor
7879-CGSFV,Male,No,No,No,55,Yes,No,Fiber optic,Yes,Yes,No,No,Yes,Yes,One year,Yes,Mailed check,100.9,5552.05,5101,49+ Months,0,0.3162342063374575,0,31.62,Low Risk,Monitor
2257-BOVXD,Male,No,Yes,No,14,Yes,Yes,DSL,No,No,No,Yes,Yes,No,Month-to-month,Yes,Credit card (automatic),66.6,979.5,3516,13-24 Months,0,0.6750234372299192,1,67.5,High Risk,Contract upgrade + Security offer
9822-BIIGN,Male,No,Yes,Yes,53,Yes,Yes,DSL,Yes,No,No,Yes,No,Yes,Month-to-month,No,Electronic check,71.85,3827.9,4903,49+ Months,0,0.07947652432135642,0,7.95,Low Risk,Monitor
1136-XGEQU,Female,No,Yes,No,50,Yes,Yes,DSL,No,Yes,Yes,Yes,Yes,Yes,One year,Yes,Credit card (automatic),84.15,4164.4,4625,49+ Months,0,0.25633421023311725,0,25.63,Low Risk,Monitor
2439-LYPMQ,Male,Yes,Yes,No,38,Yes,Yes,Fiber optic,No,Yes,Yes,No,Yes,Yes,Month-to-month,Yes,Electronic check,102.6,4009.2,5469,25-48 Months,0,0.8610132762784255,1,86.1,High Risk,Contract upgrade + Security offer
6543-XRMYR,Female,Yes,No,No,30,Yes,Yes,Fiber optic,No,Yes,No,No,Yes,Yes,Month-to-month,Yes,Electronic check,99.7,2967.35,3548,25-48 Months,1,0.8419686946485294,1,84.2,High Risk,Contract upgrade + Security offer
5753-QQWPW,Female,No,No,No,28,Yes,No,DSL,Yes,Yes,No,Yes,No,No,One year,Yes,Electronic check,59.9,1654.7,4131,25-48 Months,0,0.19080165188474935,0,19.08,Low Risk,Monitor
4785-QRJHC,Male,Yes,Yes,No,46,No,No phone service,DSL,No,Yes,Yes,Yes,Yes,Yes,One year,Yes,Bank transfer (automatic),59.9,2816.65,4011,25-48 Months,1,0.3034756322512065,0,30.35,Low Risk,Monitor
0052-YNYOT,Female,No,No,No,67,Yes,No,No,No internet service,No internet service,No internet service,No internet service,No internet service,No internet service,One year,No,Electronic check,20.55,1343.4,5462,49+ Months,0,0.026810163830462204,0,2.68,Low Risk,Monitor
7054-LGEQW,Female,No,No,No,1,Yes,No,DSL,No,No,No,No,No,No,Month-to-month,No,Mailed check,45.95,45.95,4888,0-12 Months,1,0.6266926477042223,1,62.67,High Risk,Contract upgrade + Security offer
0608-JDVEC,Male,No,Yes,No,50,Yes,No,No,No internet service,No internet service,No internet service,No internet service,No internet service,No internet service,Two year,No,Electronic check,19.8,1013.2,5914,49+ Months,0,0.0421705184057722,0,4.22,Low Risk,Monitor
6284-KMNUF,Female,No,Yes,No,56,Yes,Yes,Fiber optic,Yes,No,No,No,Yes,Yes,One year,Yes,Electronic check,98.0,5270.6,4615,49+ Months,0,0.5419615460768422,0,54.2,Medium Risk,Monitor
6286-SUUWT,Male,No,No,No,1,Yes,No,No,No internet service,No internet service,No internet service,No internet service,No internet service,No internet service,Month-to-month,No,Mailed check,19.95,19.95,5916,0-12 Months,0,0.45602376353030927,0,45.6,Medium Risk,Monitor
3594-KADLU,Male,No,Yes,No,3,No,No phone service,DSL,Yes,No,No,Yes,No,No,Month-to-month,No,Mailed check,35.1,101.1,3610,0-12 Months,0,0.6287642741977207,1,62.88,High Risk,Offer contract upgrade
0536-ACXIP,Female,No,Yes,No,72,Yes,Yes,Fiber optic,Yes,Yes,Yes,No,Yes,Yes,Two year,Yes,Electronic check,109.55,8165.1,6452,49+ Months,0,0.3096092478090868,0,30.96,Low Risk,Monitor
8869-TORSS,Female,No,No,No,48,Yes,No,DSL,Yes,No,Yes,Yes,No,No,One year,Yes,Credit card (automatic),60.35,2896.4,2681,25-48 Months,1,0.07482979799728728,0,7.48,Low Risk,Monitor
0373-AIVNJ,Male,No,No,No,9,No,No phone service,DSL,Yes,Yes,Yes,No,No,No,One year,No,Mailed check,39.55,373.0,3755,0-12 Months,0,0.35085100075799264,0,35.09,Low Risk,Monitor
6429-SHBCB,Male,No,No,No,19,Yes,Yes,DSL,No,No,No,No,Yes,Yes,Month-to-month,No,Mailed check,69.6,1394.55,3349,13-24 Months,0,0.654343459133746,1,65.43,High Risk,Contract upgrade + Security offer
5751-USDBL,Male,No,Yes,Yes,46,Yes,No,DSL,Yes,No,Yes,Yes,Yes,Yes,Two year,No,Mailed check,81.0,3846.35,4280,25-48 Months,0,0.0184556318161993,0,1.85,Low Risk,Monitor
6815-ABQFQ,Male,No,Yes,No,56,Yes,Yes,Fiber optic,No,Yes,No,Yes,Yes,Yes,One year,Yes,Electronic check,107.25,6033.3,5800,49+ Months,0,0.5503290316329061,0,55.03,Medium Risk,Monitor
9450-TRJUU,Male,No,No,No,35,Yes,Yes,Fiber optic,No,No,No,No,Yes,No,Month-to-month,No,Electronic check,83.15,2848.45,2332,25-48 Months,0,0.7315001428019267,1,73.15,High Risk,Contract upgrade + Security offer
2805-AUFQN,Female,No,No,No,25,Yes,No,No,No internet service,No internet service,No internet service,No internet service,No internet service,No internet service,Two year,No,Credit card (automatic),19.8,475.2,3875,25-48 Months,0,0.05923126969525889,0,5.92,Low Risk,Monitor
7855-DIWPO,Female,No,No,No,21,Yes,No,Fiber optic,No,No,No,No,No,No,Month-to-month,Yes,Electronic check,68.65,1493.2,2006,13-24 Months,0,0.7703704520981594,1,77.04,High Risk,Contract upgrade + Security offer
0174-QRVVY,Male,No,Yes,Yes,71,Yes,Yes,No,No internet service,No internet service,No internet service,No internet service,No internet service,No internet service,Two year,No,Credit card (automatic),25.35,1847.55,5747,49+ Months,0,0.003121986695859189,0,0.31,Low Risk,Monitor
9507-EXLTT,Female,No,Yes,No,1,Yes,No,Fiber optic,No,No,No,No,Yes,No,Month-to-month,Yes,Bank transfer (automatic),79.35,79.35,3492,0-12 Months,1,0.8795989769153991,1,87.96,High Risk,Contract upgrade + Security offer
8390-FESFV,Female,No,No,No,62,Yes,Yes,DSL,No,Yes,Yes,Yes,Yes,Yes,Two year,No,Bank transfer (automatic),84.5,5193.2,5466,49+ Months,0,0.06775380884180525,0,6.78,Low Risk,Monitor
0661-KBKPA,Male,No,Yes,Yes,53,Yes,Yes,DSL,No,No,Yes,Yes,Yes,Yes,One year,Yes,Mailed check,78.75,3942.45,5052,49+ Months,0,0.0653156353613551,0,6.53,Low Risk,Monitor
6856-RAURS,Female,No,No,No,2,Yes,Yes,Fiber optic,No,No,No,No,No,No,Month-to-month,Yes,Mailed check,74.9,136.05,2044,0-12 Months,0,0.8473664725886603,1,84.74,High Risk,Contract upgrade + Security offer
7322-OCWHC,Male,Yes,Yes,No,72,Yes,Yes,Fiber optic,Yes,Yes,Yes,Yes,No,No,Two year,Yes,Bank transfer (automatic),93.05,6735.05,4988,49+ Months,0,0.09607841999409886,0,9.61,Low Risk,Monitor
2203-GHNWN,Female,No,Yes,No,24,Yes,Yes,Fiber optic,No,No,Yes,No,No,No,Month-to-month,Yes,Mailed check,79.65,1928.7,3816,13-24 Months,0,0.782574941068833,1,78.26,High Risk,Contract upgrade + Security offer
3413-CSSTH,Male,No,No,No,41,Yes,Yes,DSL,No,No,Yes,No,No,No,Month-to-month,Yes,Bank transfer (automatic),55.7,2237.55,5590,25-48 Months,0,0.3904358398165361,0,39.04,Low Risk,Monitor
3006-XIMLN,Female,No,No,No,2,Yes,Yes,Fiber optic,No,No,No,No,Yes,Yes,Month-to-month,Yes,Bank transfer (automatic),94.2,193.8,5299,0-12 Months,1,0.9005280846652564,1,90.05,High Risk,Contract upgrade + Security offer
3750-CKVKH,Male,No,No,No,2,Yes,No,Fiber optic,No,No,No,No,No,No,Month-to-month,Yes,Electronic check,67.75,116.65,2299,0-12 Months,1,0.8685863965095947,1,86.86,High Risk,Contract upgrade + Security offer
0576-WNXXC,Male,Yes,Yes,No,27,Yes,Yes,Fiber optic,No,Yes,Yes,No,No,Yes,Month-to-month,Yes,Electronic check,95.55,2510.2,2999,25-48 Months,1,0.8490989255173379,1,84.91,High Risk,Contract upgrade + Security offer
7056-IMHCC,Male,Yes,Yes,No,53,Yes,Yes,Fiber optic,No,Yes,No,No,Yes,Yes,Month-to-month,Yes,Electronic check,101.9,5549.4,5884,49+ Months,1,0.8053182493559526,1,80.53,High Risk,Contract upgrade + Security offer
0866-QLSIR,Female,No,No,No,34,Yes,Yes,DSL,Yes,Yes,No,Yes,No,No,One year,Yes,Mailed check,64.4,2088.75,5189,25-48 Months,1,0.1514690513684947,0,15.15,Low Risk,Monitor
1628-BIZYP,Male,No,No,No,1,Yes,No,Fiber optic,No,Yes,No,No,No,Yes,Month-to-month,Yes,Electronic check,85.0,85.0,5754,0-12 Months,0,0.8850178143344224,1,88.5,High Risk,Contract upgrade + Security offer
2230-XTUWL,Female,No,Yes,Yes,48,Yes,No,No,No internet service,No internet service,No internet service,No internet service,No internet service,No internet service,Two year,No,Mailed check,19.55,883.35,5461,25-48 Months,0,0.006214526706028997,0,0.62,Low Risk,Monitor
1980-KXVPM,Female,Yes,No,No,3,Yes,Yes,Fiber optic,No,No,No,No,No,No,Month-to-month,Yes,Credit card (automatic),75.05,256.25,3553,0-12 Months,1,0.8456711280573103,1,84.57,High Risk,Contract upgrade + Security offer
8619-IJNDK,Female,No,Yes,No,71,Yes,No,DSL,Yes,Yes,Yes,Yes,No,No,Two year,No,Credit card (automatic),64.05,4492.9,4374,49+ Months,0,0.01732458586418624,0,1.73,Low Risk,Monitor
2960-NKRSO,Male,No,No,No,24,Yes,No,Fiber optic,No,Yes,Yes,Yes,No,No,Month-to-month,Yes,Electronic check,85.95,2107.15,5421,13-24 Months,0,0.6654748632603198,1,66.55,High Risk,Contract upgrade + Security offer
6705-LXORM,Female,Yes,Yes,No,5,Yes,No,Fiber optic,No,No,No,No,No,No,Month-to-month,No,Electronic check,70.05,302.6,2064,0-12 Months,0,0.8452351149356833,1,84.52,High Risk,Contract upgrade + Security offer
7130-VTEWQ,Female,Yes,No,No,8,Yes,Yes,Fiber optic,No,No,No,No,No,No,Month-to-month,Yes,Electronic check,75.75,606.25,4174,0-12 Months,1,0.8740085035038679,1,87.4,High Risk,Contract upgrade + Security offer
9364-YKUVW,Male,No,No,No,15,Yes,No,No,No internet service,No internet service,No internet service,No internet service,No internet service,No internet service,Month-to-month,Yes,Mailed check,19.8,309.4,2681,13-24 Months,0,0.36826904513242975,0,36.83,Low Risk,Monitor
2761-OCIAX,Male,Yes,No,No,2,Yes,No,Fiber optic,No,Yes,No,No,No,No,Month-to-month,Yes,Electronic check,74.7,165.4,2803,0-12 Months,1,0.8530179022358452,1,85.3,High Risk,Contract upgrade + Security offer
7996-BPXHY,Female,No,Yes,Yes,13,Yes,Yes,No,No internet service,No internet service,No internet service,No internet service,No internet service,No internet service,Two year,Yes,Bank transfer (automatic),25.0,332.5,4734,13-24 Months,0,0.04892230076203522,0,4.89,Low Risk,Monitor
4248-QPAVC,Female,Yes,Yes,No,17,Yes,Yes,Fiber optic,Yes,No,Yes,No,No,No,Month-to-month,Yes,Bank transfer (automatic),85.35,1463.45,3209,13-24 Months,1,0.7504584567544319,1,75.05,High Risk,Contract upgrade + Tech Support
9357-UJRUN,Male,No,Yes,No,24,Yes,Yes,DSL,Yes,No,No,Yes,No,No,One year,Yes,Electronic check,58.35,1346.9,5428,13-24 Months,0,0.3626521834133831,0,36.27,Low Risk,Monitor
6340-DACFT,Female,No,Yes,Yes,50,Yes,No,No,No internet service,No internet service,No internet service,No internet service,No internet service,No internet service,Two year,No,Credit card (automatic),20.55,1070.25,4878,49+ Months,0,0.005454430232791106,0,0.55,Low Risk,Monitor
1023-BQXZE,Male,No,No,No,57,Yes,No,DSL,Yes,No,Yes,No,Yes,Yes,Two year,Yes,Bank transfer (automatic),74.35,4317.35,5548,49+ Months,0,0.08586409684094959,0,8.59,Low Risk,Monitor
5480-HPRRX,Female,Yes,No,No,3,No,No phone service,DSL,No,No,No,No,No,No,Month-to-month,No,Electronic check,25.3,77.75,3542,0-12 Months,1,0.7932405652104235,1,79.32,High Risk,Contract upgrade + Security offer
9576-SYUHJ,Male,No,No,No,37,Yes,Yes,Fiber optic,Yes,No,No,No,Yes,No,Month-to-month,Yes,Electronic check,91.15,3369.25,3194,25-48 Months,0,0.7125466216151223,1,71.25,High Risk,Contract upgrade + Tech Support
2169-RRLFW,Female,No,Yes,No,71,Yes,Yes,No,No internet service,No internet service,No internet service,No internet service,No internet service,No internet service,Two year,No,Credit card (automatic),25.6,1888.25,5063,49+ Months,0,0.015206745865861945,0,1.52,Low Risk,Monitor
8338-QIUNR,Male,No,Yes,No,72,Yes,Yes,DSL,Yes,No,Yes,Yes,No,No,Two year,Yes,Credit card (automatic),66.5,4811.6,4397,49+ Months,0,0.03483440407852266,0,3.48,Low Risk,Monitor
0463-TXOAK,Male,No,No,Yes,52,Yes,Yes,No,No internet service,No internet service,No internet service,No internet service,No internet service,No internet service,Two year,No,Credit card (automatic),25.6,1334.5,5662,49+ Months,0,0.005312807884566296,0,0.53,Low Risk,Monitor
4396-KLSEH,Male,No,No,No,4,Yes,No,No,No internet service,No internet service,No internet service,No internet service,No internet service,No internet service,Month-to-month,Yes,Electronic check,19.85,63.0,5918,0-12 Months,0,0.5906404101004011,0,59.06,Medium Risk,Monitor
5186-EJEGL,Male,No,No,No,9,Yes,No,DSL,Yes,No,Yes,Yes,Yes,No,Month-to-month,Yes,Mailed check,69.5,653.25,3628,0-12 Months,0,0.5011531949426556,0,50.12,Medium Risk,Monitor
9334-GWGOW,Male,Yes,Yes,No,7,Yes,Yes,Fiber optic,No,No,No,No,No,No,Month-to-month,Yes,Electronic check,74.85,485.25,2259,0-12 Months,0,0.9040680697178899,1,90.41,High Risk,Contract upgrade + Security offer
5696-JVVQY,Female,No,Yes,Yes,48,Yes,No,DSL,Yes,Yes,Yes,No,No,Yes,Two year,Yes,Credit card (automatic),70.1,3238.4,5476,25-48 Months,0,0.01954601196697063,0,1.95,Low Risk,Monitor
9633-DENPU,Female,No,Yes,No,47,Yes,No,DSL,No,Yes,No,No,Yes,No,Month-to-month,Yes,Bank transfer (automatic),58.6,2723.4,2613,25-48 Months,0,0.3717802150545619,0,37.18,Low Risk,Monitor
0581-BXBUB,Female,Yes,No,No,4,Yes,No,Fiber optic,No,Yes,No,No,No,No,Month-to-month,No,Electronic check,72.75,317.75,4503,0-12 Months,0,0.8048474329315298,1,80.48,High Risk,Contract upgrade + Security offer
2750-BJLSB,Female,No,No,No,47,Yes,No,Fiber optic,Yes,No,Yes,Yes,Yes,Yes,One year,Yes,Electronic check,103.7,4730.6,4543,25-48 Months,0,0.3847441593990155,0,38.47,Low Risk,Monitor
2770-NSVDG,Male,No,Yes,No,24,No,No phone service,DSL,No,No,Yes,No,No,No,Month-to-month,No,Electronic check,29.1,688.0,4636,13-24 Months,0,0.6692190142412465,1,66.92,High Risk,Contract upgrade + Security offer
8280-MQRQN,Female,No,No,No,1,Yes,No,DSL,No,No,Yes,No,No,No,Month-to-month,Yes,Mailed check,50.45,50.45,2806,0-12 Months,1,0.6775018459386126,1,67.75,High Risk,Contract upgrade + Security offer
7851-FLGGQ,Male,No,No,No,1,No,No phone service,DSL,No,Yes,No,Yes,No,Yes,Month-to-month,Yes,Mailed check,44.65,44.65,3704,0-12 Months,1,0.7573374583911826,1,75.73,High Risk,Contract upgrade + Security offer
9374-YOLBJ,Female,No,Yes,Yes,1,Yes,No,No,No internet service,No internet service,No internet service,No internet service,No internet service,No internet service,Month-to-month,No,Electronic check,19.25,19.25,2053,0-12 Months,0,0.22149110902802843,0,22.15,Low Risk,Monitor
6583-SZVGP,Male,No,No,No,48,Yes,Yes,Fiber optic,No,Yes,Yes,No,Yes,Yes,Two year,Yes,Bank transfer (automatic),108.1,5067.45,5994,25-48 Months,0,0.34757080071265256,0,34.76,Low Risk,Monitor
2150-OEGBV,Male,No,No,No,27,Yes,No,No,No internet service,No internet service,No internet service,No internet service,No internet service,No internet service,One year,No,Bank transfer (automatic),20.1,562.6,3428,25-48 Months,0,0.09951840127798703,0,9.95,Low Risk,Monitor
9372-TXXPS,Female,No,Yes,No,60,Yes,No,DSL,Yes,Yes,No,Yes,No,No,Two year,No,Bank transfer (automatic),59.85,3483.45,4029,49+ Months,0,0.02495178822938277,0,2.5,Low Risk,Monitor
6933-FHBZC,Female,No,No,No,26,Yes,No,DSL,No,Yes,Yes,No,No,No,One year,Yes,Mailed check,56.05,1553.2,3079,25-48 Months,0,0.2515499829088605,0,25.15,Low Risk,Monitor
4698-KVLLG,Female,Yes,No,No,51,Yes,No,No,No internet service,No internet service,No internet service,No internet service,No internet service,No internet service,Two year,No,Credit card (automatic),19.6,967.9,4224,49+ Months,0,0.019996795912821257,0,2.0,Low Risk,Monitor
8752-STIVR,Female,No,No,No,4,Yes,No,Fiber optic,No,No,No,No,Yes,No,Month-to-month,Yes,Electronic check,79.0,303.15,2085,0-12 Months,1,0.8792505526751306,1,87.93,High Risk,Contract upgrade + Security offer
8623-ULFNQ,Female,Yes,No,No,26,Yes,Yes,DSL,No,No,No,Yes,No,Yes,Month-to-month,Yes,Electronic check,66.05,1652.4,3225,25-48 Months,0,0.6091637546184169,0,60.92,Medium Risk,Monitor
9822-WMWVG,Female,No,No,No,41,Yes,Yes,Fiber optic,Yes,Yes,Yes,Yes,Yes,No,Month-to-month,Yes,Electronic check,106.5,4282.4,4434,25-48 Months,0,0.5846838034508495,0,58.47,Medium Risk,Monitor
4304-TSPVK,Female,No,Yes,No,68,Yes,Yes,Fiber optic,Yes,Yes,Yes,Yes,Yes,Yes,Two year,No,Bank transfer (automatic),114.9,7843.55,5782,49+ Months,0,0.14673363632214878,0,14.67,Low Risk,Monitor
1716-LSAMB,Male,No,Yes,Yes,45,Yes,No,DSL,Yes,No,No,Yes,No,No,Two year,No,Bank transfer (automatic),54.65,2553.7,5083,25-48 Months,0,0.010241563709278497,0,1.02,Low Risk,Monitor
3523-QRQLL,Female,No,Yes,No,22,Yes,No,DSL,No,Yes,No,No,Yes,Yes,One year,Yes,Bank transfer (automatic),69.5,1498.2,5922,13-24 Months,1,0.47988746595983856,0,47.99,Medium Risk,Monitor
2187-PKZAY,Male,No,No,No,12,Yes,No,Fiber optic,No,No,No,No,No,Yes,Month-to-month,Yes,Bank transfer (automatic),79.95,1043.4,2968,0-12 Months,0,0.8034875281332503,1,80.35,High Risk,Contract upgrade + Security offer
1895-QTKDO,Female,No,No,No,1,Yes,No,DSL,No,No,No,No,No,No,Month-to-month,No,Credit card (automatic),43.95,43.95,5684,0-12 Months,0,0.6281265506406294,1,62.81,High Risk,Contract upgrade + Security offer
8161-QYMTT,Male,No,No,No,7,Yes,Yes,Fiber optic,No,No,No,No,Yes,Yes,Month-to-month,Yes,Electronic check,94.1,701.3,5259,0-12 Months,0,0.9234438383089176,1,92.34,High Risk,Contract upgrade + Security offer
2955-PSXOE,Female,No,No,No,1,Yes,No,No,No internet service,No internet service,No internet service,No internet service,No internet service,No internet service,Month-to-month,Yes,Bank transfer (automatic),20.2,20.2,3061,0-12 Months,1,0.5056816143071058,0,50.57,Medium Risk,Monitor
6834-NXDCA,Female,No,No,No,13,No,No phone service,DSL,No,No,No,No,No,No,Month-to-month,Yes,Electronic check,23.9,300.8,2967,13-24 Months,1,0.7699842006735532,1,77.0,High Risk,Contract upgrade + Security offer
8701-DGLVH,Male,No,No,No,51,Yes,No,No,No internet service,No internet service,No internet service,No internet service,No internet service,No internet service,Two year,No,Mailed check,20.45,1042.65,6097,49+ Months,0,0.021627476929598745,0,2.16,Low Risk,Monitor
2480-SQIOB,Male,No,Yes,Yes,4,Yes,No,DSL,No,No,No,No,No,No,Month-to-month,No,Electronic check,44.8,169.65,2114,0-12 Months,0,0.354218603187263,0,35.42,Low Risk,Monitor
4993-JCRGJ,Male,No,No,No,26,Yes,Yes,Fiber optic,No,No,Yes,Yes,No,No,Month-to-month,Yes,Mailed check,84.3,2281.6,5471,25-48 Months,0,0.6667142813618759,1,66.67,High Risk,Contract upgrade + Security offer
0581-MDMPW,Female,No,No,No,24,Yes,Yes,Fiber optic,No,No,Yes,No,Yes,No,Month-to-month,Yes,Credit card (automatic),88.95,2072.75,5557,13-24 Months,0,0.7759791544292077,1,77.6,High Risk,Contract upgrade + Security offer
7789-CRUVC,Female,Yes,Yes,No,61,Yes,Yes,Fiber optic,Yes,Yes,Yes,Yes,No,No,Month-to-month,Yes,Credit card (automatic),94.2,5895.45,5274,49+ Months,0,0.369744456248561,0,36.97,Low Risk,Monitor
0164-APGRB,Female,No,No,No,72,Yes,Yes,Fiber optic,Yes,Yes,Yes,Yes,Yes,Yes,Two year,Yes,Electronic check,114.9,8496.7,4589,49+ Months,0,0.1973731578545261,0,19.74,Low Risk,Monitor
8034-RYTVV,Female,No,No,No,55,Yes,Yes,Fiber optic,Yes,No,Yes,No,No,No,One year,Yes,Credit card (automatic),84.25,4589.85,5735,49+ Months,0,0.24711402651459466,0,24.71,Low Risk,Monitor
3018-TFTSU,Male,No,No,No,12,Yes,No,Fiber optic,Yes,No,Yes,No,No,No,Month-to-month,No,Bank transfer (automatic),81.7,858.6,2850,0-12 Months,1,0.5824361153248862,0,58.24,Medium Risk,Monitor
9777-IQHWP,Male,No,Yes,Yes,64,Yes,Yes,Fiber optic,Yes,No,Yes,No,No,Yes,Two year,No,Bank transfer (automatic),93.4,5822.3,6249,49+ Months,0,0.03610934900855453,0,3.61,Low Risk,Monitor
6899-PPEEA,Female,Yes,No,No,37,Yes,Yes,Fiber optic,No,No,No,No,Yes,Yes,Month-to-month,Yes,Electronic check,96.55,3580.3,4448,25-48 Months,1,0.8308001219512466,1,83.08,High Risk,Contract upgrade + Security offer
6701-YVNQG,Male,No,Yes,No,72,Yes,Yes,DSL,Yes,Yes,Yes,Yes,Yes,Yes,Two year,Yes,Credit card (automatic),88.7,6301.7,5764,49+ Months,0,0.06731261652643124,0,6.73,Low Risk,Monitor
7649-PHJVR,Male,No,No,No,11,Yes,No,No,No internet service,No internet service,No internet service,No internet service,No internet service,No internet service,One year,No,Mailed check,19.5,226.8,5825,0-12 Months,0,0.19749289260682923,0,19.75,Low Risk,Monitor
9278-VZKCD,Female,Yes,Yes,No,52,Yes,Yes,Fiber optic,Yes,Yes,Yes,No,Yes,Yes,Month-to-month,Yes,Electronic check,109.1,5647.95,4428,49+ Months,0,0.7371439046399776,1,73.71,High Risk,Contract upgrade + Tech Support
7636-PEPNS,Female,No,Yes,Yes,58,Yes,No,DSL,No,No,No,No,No,No,One year,Yes,Mailed check,44.1,2413.05,5040,49+ Months,0,0.0281607750535512,0,2.82,Low Risk,Monitor
1575-KRZZE,Female,No,No,No,4,Yes,No,DSL,Yes,Yes,No,No,No,No,Month-to-month,No,Electronic check,55.2,220.65,4042,0-12 Months,0,0.5577752029956764,0,55.78,Medium Risk,Monitor
8590-OHDIW,Female,No,Yes,Yes,38,Yes,No,No,No internet service,No internet service,No internet service,No internet service,No internet service,No internet service,One year,No,Mailed check,20.3,749.35,4686,25-48 Months,0,0.01755259355893442,0,1.76,Low Risk,Monitor
7764-BDPEE,Male,No,No,Yes,3,Yes,No,No,No internet service,No internet service,No internet service,No internet service,No internet service,No internet service,Month-to-month,No,Mailed check,20.85,60.65,5868,0-12 Months,0,0.12862829591349934,0,12.86,Low Risk,Monitor
9480-BQJEI,Male,No,No,No,62,Yes,Yes,Fiber optic,Yes,Yes,No,No,No,Yes,One year,Yes,Bank transfer (automatic),92.3,5731.45,6468,49+ Months,0,0.27435488696564914,0,27.44,Low Risk,Monitor
3354-OADJP,Female,No,No,No,8,Yes,No,DSL,Yes,No,No,Yes,No,No,One year,No,Bank transfer (automatic),54.25,447.75,2237,0-12 Months,0,0.2103912829265995,0,21.04,Low Risk,Monitor
3181-MIZBN,Male,No,Yes,Yes,16,Yes,No,No,No internet service,No internet service,No internet service,No internet service,No internet service,No internet service,Month-to-month,No,Electronic check,19.75,313.4,3677,13-24 Months,0,0.13256445868254133,0,13.26,Low Risk,Monitor
9327-QSDED,Male,No,No,No,8,Yes,No,DSL,No,No,No,No,No,No,Month-to-month,No,Mailed check,43.55,335.4,3266,0-12 Months,0,0.5687802715595943,0,56.88,Medium Risk,Monitor
4892-VLANZ,Male,No,No,No,1,Yes,No,No,No internet service,No internet service,No internet service,No internet service,No internet service,No internet service,Month-to-month,No,Mailed check,19.8,19.8,5600,0-12 Months,1,0.4551764689629318,0,45.52,Medium Risk,Monitor
0298-XACET,Male,No,Yes,Yes,52,No,No phone service,DSL,No,Yes,Yes,Yes,Yes,No,Two year,No,Mailed check,50.2,2554.0,5396,49+ Months,0,0.018896064725079313,0,1.89,Low Risk,Monitor
6917-FIJHC,Female,No,Yes,No,72,Yes,Yes,No,No internet service,No internet service,No internet service,No internet service,No internet service,No internet service,Two year,Yes,Mailed check,26.0,1776.0,5374,49+ Months,0,0.02019283575888489,0,2.02,Low Risk,Monitor
6557-BZXLQ,Male,Yes,No,No,16,Yes,No,Fiber optic,No,No,No,No,No,No,Month-to-month,No,Electronic check,69.65,1043.3,5610,13-24 Months,0,0.758497951763366,1,75.85,High Risk,Contract upgrade + Security offer
2432-TFSMK,Male,No,No,No,18,Yes,Yes,Fiber optic,No,No,Yes,No,Yes,No,One year,Yes,Credit card (automatic),89.6,1633.0,2269,13-24 Months,0,0.6465300834660239,1,64.65,High Risk,Promote Online Security
4211-MMAZN,Male,No,No,No,1,Yes,No,No,No internet service,No internet service,No internet service,No internet service,No internet service,No internet service,Month-to-month,No,Mailed check,20.25,20.25,2959,0-12 Months,1,0.44061489958673616,0,44.06,Medium Risk,Monitor
4751-ERMAN,Male,No,Yes,No,72,Yes,No,DSL,No,Yes,Yes,No,Yes,Yes,Two year,Yes,Bank transfer (automatic),75.4,5480.25,4171,49+ Months,0,0.08584286311681927,0,8.58,Low Risk,Monitor
8430-TWCBX,Female,No,Yes,No,49,Yes,No,No,No internet service,No internet service,No internet service,No internet service,No internet service,No internet service,One year,No,Credit card (automatic),20.7,1032.05,4074,49+ Months,0,0.05045791824691372,0,5.05,Low Risk,Monitor
1942-OQFRW,Male,No,No,No,1,Yes,No,DSL,No,No,No,No,No,No,Month-to-month,No,Electronic check,44.0,44.0,2785,0-12 Months,0,0.710684019620805,1,71.07,High Risk,Contract upgrade + Security offer
4075-JFPGR,Female,No,Yes,No,51,Yes,No,Fiber optic,Yes,Yes,Yes,No,Yes,No,One year,Yes,Electronic check,93.5,4619.55,5561,49+ Months,0,0.3997921948362538,0,39.98,Low Risk,Monitor
3339-EAQNV,Male,Yes,Yes,No,72,Yes,Yes,Fiber optic,No,Yes,No,No,Yes,Yes,One year,Yes,Credit card (automatic),97.25,7133.1,6156,49+ Months,0,0.4332995387733104,0,43.33,Medium Risk,Monitor
5329-KRDTM,Male,Yes,Yes,No,72,Yes,Yes,DSL,No,Yes,Yes,Yes,Yes,No,Two year,No,Credit card (automatic),77.35,5396.25,6202,49+ Months,0,0.04696093540382781,0,4.7,Low Risk,Monitor
0307-BCOPK,Female,No,No,No,16,Yes,No,No,No internet service,No internet service,No internet service,No internet service,No internet service,No internet service,One year,No,Mailed check,19.05,326.65,4336,13-24 Months,0,0.1581694733249672,0,15.82,Low Risk,Monitor
6473-ULUHT,Male,No,Yes,Yes,16,Yes,Yes,DSL,Yes,Yes,No,Yes,Yes,Yes,Month-to-month,No,Electronic check,84.9,1398.25,2269,13-24 Months,0,0.24601090205839893,0,24.6,Low Risk,Monitor
1194-SPVSP,Male,No,No,No,1,Yes,No,No,No internet service,No internet service,No internet service,No internet service,No internet service,No internet service,Month-to-month,No,Bank transfer (automatic),19.65,19.65,3625,0-12 Months,0,0.43812821678360253,0,43.81,Medium Risk,Monitor
7249-WBIYX,Male,No,Yes,No,10,Yes,Yes,Fiber optic,No,No,No,No,Yes,No,Month-to-month,Yes,Electronic check,85.6,813.85,5146,0-12 Months,1,0.91598987727382,1,91.6,High Risk,Contract upgrade + Security offer
2293-IJWPS,Female,No,Yes,No,57,Yes,Yes,Fiber optic,No,No,Yes,No,Yes,Yes,One year,Yes,Credit card (automatic),100.75,5985.0,6354,49+ Months,0,0.5451348320468594,0,54.51,Medium Risk,Monitor
4377-VDHYI,Male,No,Yes,Yes,32,Yes,No,Fiber optic,Yes,Yes,No,No,No,Yes,One year,Yes,Electronic check,90.8,3023.85,2722,25-48 Months,0,0.19155655127542048,0,19.16,Low Risk,Monitor
0019-EFAEP,Female,No,No,No,72,Yes,Yes,Fiber optic,Yes,Yes,Yes,No,Yes,No,Two year,Yes,Bank transfer (automatic),101.3,7261.25,5513,49+ Months,0,0.1247571272676942,0,12.48,Low Risk,Monitor
2480-EJWYP,Female,Yes,Yes,No,58,Yes,Yes,Fiber optic,No,Yes,No,No,Yes,Yes,One year,Yes,Bank transfer (automatic),97.8,5458.8,6019,49+ Months,0,0.5060465210799505,0,50.6,Medium Risk,Monitor
8970-ANWXO,Female,No,No,No,23,Yes,Yes,DSL,No,No,No,Yes,Yes,Yes,One year,Yes,Mailed check,73.75,1756.6,3483,13-24 Months,0,0.4233428848409928,0,42.33,Medium Risk,Monitor
8739-WWKDU,Male,Yes,No,No,25,Yes,Yes,Fiber optic,No,Yes,No,No,Yes,No,Month-to-month,Yes,Electronic check,89.5,2196.15,4849,25-48 Months,1,0.8287680104962624,1,82.88,High Risk,Contract upgrade + Security offer
2171-UDMFD,Male,No,Yes,Yes,32,Yes,No,No,No internet service,No internet service,No internet service,No internet service,No internet service,No internet service,Month-to-month,Yes,Credit card (automatic),19.45,674.55,4363,25-48 Months,0,0.06594526475903287,0,6.59,Low Risk,Monitor
7036-TYDEC,Female,No,No,No,69,Yes,Yes,Fiber optic,No,No,Yes,Yes,Yes,Yes,Two year,No,Electronic check,104.0,7028.5,5902,49+ Months,0,0.21106980394523048,0,21.11,Low Risk,Monitor
3831-YCPUO,Female,No,Yes,Yes,72,Yes,No,Fiber optic,Yes,Yes,Yes,Yes,Yes,Yes,Two year,Yes,Credit card (automatic),109.5,7854.9,6419,49+ Months,0,0.029055100943402416,0,2.91,Low Risk,Monitor
0121-SNYRK,Male,No,No,No,50,No,No phone service,DSL,Yes,No,No,Yes,No,No,One year,Yes,Mailed check,35.4,1748.9,5052,49+ Months,0,0.10533238353913192,0,10.53,Low Risk,Monitor
3325-FUYCG,Male,No,Yes,No,28,Yes,Yes,Fiber optic,Yes,Yes,No,No,Yes,Yes,One year,No,Electronic check,106.1,2847.4,3770,25-48 Months,1,0.6231222979363485,1,62.31,High Risk,Promote Tech Support
1952-DVVSW,Female,No,Yes,No,10,Yes,No,No,No internet service,No internet service,No internet service,No internet service,No internet service,No internet service,One year,No,Mailed check,20.1,184.4,3509,0-12 Months,0,0.2375884313845891,0,23.76,Low Risk,Monitor
3571-DPYUH,Male,No,Yes,Yes,58,Yes,Yes,Fiber optic,No,Yes,No,Yes,Yes,No,One year,Yes,Credit card (automatic),94.7,5430.35,5653,49+ Months,0,0.09557580977574116,0,9.56,Low Risk,Monitor
2077-MPJQO,Male,Yes,Yes,No,7,Yes,Yes,Fiber optic,No,No,No,No,No,No,Month-to-month,Yes,Electronic check,75.4,533.05,3533,0-12 Months,0,0.9062185563551172,1,90.62,High Risk,Contract upgrade + Security offer
2391-SOORI,Male,No,No,Yes,4,Yes,No,DSL,Yes,No,No,No,No,No,Month-to-month,No,Electronic check,49.35,219.65,5858,0-12 Months,1,0.2352910577731682,0,23.53,Low Risk,Monitor
4086-ATNFV,Female,No,Yes,Yes,34,Yes,No,DSL,Yes,Yes,Yes,No,No,No,One year,Yes,Mailed check,60.8,2042.05,4522,25-48 Months,0,0.04366200710257361,0,4.37,Low Risk,Monitor
3396-DKDEL,Female,No,Yes,Yes,70,Yes,Yes,Fiber optic,Yes,Yes,Yes,Yes,Yes,Yes,Two year,Yes,Credit card (automatic),115.15,8250.0,4388,49+ Months,0,0.042110344419387775,0,4.21,Low Risk,Monitor
7471-MQPOS,Male,Yes,Yes,Yes,71,Yes,Yes,DSL,No,Yes,Yes,Yes,No,Yes,One year,Yes,Bank transfer (automatic),72.9,5139.65,6404,49+ Months,0,0.0267117798756005,0,2.67,Low Risk,Monitor
7181-OQCUT,Male,No,No,No,21,Yes,Yes,Fiber optic,Yes,No,Yes,No,Yes,Yes,Month-to-month,No,Mailed check,103.85,2215.0,4520,13-24 Months,0,0.7293388541008986,1,72.93,High Risk,Contract upgrade + Tech Support
3489-VSFRD,Female,No,No,No,56,Yes,No,DSL,Yes,No,Yes,Yes,No,No,One year,Yes,Credit card (automatic),60.25,3282.75,4835,49+ Months,0,0.05847965268323423,0,5.85,Low Risk,Monitor
6283-GITPX,Male,No,No,Yes,71,Yes,No,DSL,Yes,Yes,Yes,Yes,Yes,No,Two year,Yes,Credit card (automatic),76.9,5522.7,4633,49+ Months,0,0.005394673421796497,0,0.54,Low Risk,Monitor
2845-HSJCY,Female,No,Yes,No,14,Yes,Yes,Fiber optic,No,No,Yes,No,No,Yes,Month-to-month,Yes,Electronic check,87.25,1258.6,4786,13-24 Months,1,0.906686352727665,1,90.67,High Risk,Contract upgrade + Security offer
7216-KAOID,Male,No,Yes,Yes,41,Yes,No,No,No internet service,No internet service,No internet service,No internet service,No internet service,No internet service,One year,No,Bank transfer (automatic),19.5,798.2,2446,25-48 Months,0,0.01481713737829192,0,1.48,Low Risk,Monitor
6680-WKXRZ,Female,No,No,No,3,Yes,Yes,Fiber optic,No,No,No,No,No,No,Month-to-month,No,Bank transfer (automatic),74.4,215.8,2054,0-12 Months,1,0.7924314231155463,1,79.24,High Risk,Contract upgrade + Security offer
2346-LOCWC,Female,No,Yes,Yes,58,Yes,No,No,No internet service,No internet service,No internet service,No internet service,No internet service,No internet service,Two year,No,Credit card (automatic),20.5,1191.4,6186,49+ Months,0,0.0038920338325731958,0,0.39,Low Risk,Monitor
0769-MURVM,Female,No,Yes,Yes,72,No,No phone service,DSL,Yes,Yes,Yes,Yes,Yes,Yes,Two year,No,Bank transfer (automatic),65.7,4575.35,6187,49+ Months,0,0.008966968273884714,0,0.9,Low Risk,Monitor
3374-LXDEV,Female,No,No,No,13,Yes,Yes,Fiber optic,No,Yes,Yes,Yes,No,No,Month-to-month,No,Electronic check,89.4,1132.35,2226,13-24 Months,1,0.7082161340894949,1,70.82,High Risk,Contract upgrade + Security offer
5318-YKDPV,Male,No,Yes,No,43,Yes,No,DSL,Yes,No,Yes,Yes,Yes,Yes,Two year,Yes,Credit card (automatic),79.15,3566.6,3716,25-48 Months,0,0.12334376774654171,0,12.33,Low Risk,Monitor
8190-ZTQFB,Male,No,No,No,41,No,No phone service,DSL,No,No,Yes,No,Yes,Yes,One year,Yes,Electronic check,51.35,2075.1,5622,25-48 Months,0,0.46027200912482136,0,46.03,Medium Risk,Monitor
4512-ZUIYL,Female,No,No,No,2,Yes,No,Fiber optic,No,No,No,No,No,No,Month-to-month,No,Bank transfer (automatic),70.0,153.05,2928,0-12 Months,1,0.7557422617141469,1,75.57,High Risk,Contract upgrade + Security offer
3090-QFUVD,Female,No,No,No,1,Yes,No,No,No internet service,No internet service,No internet service,No internet service,No internet service,No internet service,Month-to-month,No,Credit card (automatic),20.3,20.3,2507,0-12 Months,0,0.42081800893755866,0,42.08,Medium Risk,Monitor
4806-KEXQR,Male,No,No,No,4,Yes,No,Fiber optic,No,No,No,No,No,Yes,Month-to-month,Yes,Electronic check,79.9,324.3,4669,0-12 Months,1,0.887996383894766,1,88.8,High Risk,Contract upgrade + Security offer
2369-FEVNO,Male,No,No,No,1,Yes,No,No,No internet service,No internet service,No internet service,No internet service,No internet service,No internet service,Month-to-month,Yes,Mailed check,19.9,19.9,4590,0-12 Months,0,0.5293335051107226,0,52.93,Medium Risk,Monitor
9637-CDTKZ,Male,No,Yes,No,72,Yes,Yes,Fiber optic,Yes,Yes,Yes,Yes,Yes,Yes,Two year,Yes,Credit card (automatic),114.1,8086.4,4965,49+ Months,0,0.17207273883702676,0,17.21,Low Risk,Monitor
2954-PIBKO,Female,No,Yes,No,69,Yes,Yes,DSL,Yes,No,Yes,Yes,No,No,Two year,Yes,Credit card (automatic),64.15,4254.1,5128,49+ Months,0,0.03674647924738089,0,3.67,Low Risk,Monitor
2212-LYASK,Male,No,Yes,No,27,No,No phone service,DSL,No,Yes,Yes,No,No,Yes,One year,Yes,Credit card (automatic),45.85,1246.4,2068,25-48 Months,0,0.4523187861599638,0,45.23,Medium Risk,Monitor
9481-SFCQY,Female,No,No,Yes,14,Yes,No,DSL,No,No,Yes,No,Yes,No,Month-to-month,Yes,Credit card (automatic),59.8,824.85,5962,13-24 Months,0,0.24581998699876256,0,24.58,Low Risk,Monitor
2828-SLQPF,Male,No,No,No,19,Yes,No,DSL,No,No,No,No,No,No,Month-to-month,Yes,Bank transfer (automatic),45.0,865.85,4519,13-24 Months,0,0.5341885561986879,0,53.42,Medium Risk,Monitor
4647-MUZON,Female,No,Yes,No,18,Yes,No,Fiber optic,No,No,Yes,No,Yes,Yes,Month-to-month,Yes,Credit card (automatic),95.95,1745.5,5009,13-24 Months,0,0.8419040620895699,1,84.19,High Risk,Contract upgrade + Security offer
8212-DJRCH,Male,No,Yes,Yes,5,Yes,No,Fiber optic,Yes,No,Yes,No,No,Yes,Month-to-month,Yes,Mailed check,90.35,434.5,4014,0-12 Months,0,0.4643111676538476,0,46.43,Medium Risk,Monitor
0516-OOHAR,Male,No,Yes,Yes,28,Yes,No,Fiber optic,No,Yes,Yes,No,Yes,Yes,One year,No,Bank transfer (automatic),100.35,2799.0,3411,25-48 Months,0,0.1900156375505015,0,19.0,Low Risk,Monitor
4973-RLZVI,Female,No,No,No,30,Yes,No,DSL,Yes,Yes,Yes,Yes,Yes,No,One year,No,Credit card (automatic),74.65,2308.6,5616,25-48 Months,0,0.12482656713743291,0,12.48,Low Risk,Monitor
8089-UZWLX,Female,Yes,No,No,71,Yes,Yes,Fiber optic,No,No,Yes,No,Yes,Yes,Two year,No,Bank transfer (automatic),104.05,7413.55,4113,49+ Months,0,0.1868319550674935,0,18.68,Low Risk,Monitor
9732-KPKBW,Male,No,No,No,1,Yes,No,DSL,Yes,No,No,Yes,No,No,Month-to-month,Yes,Electronic check,53.95,53.95,2771,0-12 Months,1,0.6168269007796766,0,61.68,Medium Risk,Monitor
9715-WZCLW,Male,No,Yes,Yes,71,Yes,Yes,Fiber optic,Yes,No,No,No,Yes,Yes,Two year,Yes,Electronic check,97.2,6910.3,4603,49+ Months,0,0.08191687142799259,0,8.19,Low Risk,Monitor
0257-KXZGU,Female,No,Yes,Yes,32,Yes,Yes,DSL,No,Yes,Yes,No,No,No,Month-to-month,No,Bank transfer (automatic),62.45,2045.55,5442,25-48 Months,0,0.12765358515992858,0,12.77,Low Risk,Monitor
0707-HOVVN,Female,Yes,No,No,70,Yes,Yes,DSL,No,Yes,Yes,Yes,Yes,No,Two year,Yes,Bank transfer (automatic),75.5,5212.65,6024,49+ Months,0,0.052284930855629214,0,5.23,Low Risk,Monitor
5501-TVMGM,Male,No,No,No,1,Yes,No,DSL,No,No,No,No,No,Yes,Month-to-month,Yes,Electronic check,55.25,55.25,3255,0-12 Months,0,0.8074947181626984,1,80.75,High Risk,Contract upgrade + Security offer
3422-LYEPQ,Male,No,Yes,No,1,Yes,No,Fiber optic,No,No,No,No,No,No,Month-to-month,Yes,Electronic check,71.0,71.0,4207,0-12 Months,1,0.8987884469628284,1,89.88,High Risk,Contract upgrade + Security offer
2277-VWCNI,Female,Yes,No,No,4,Yes,Yes,DSL,No,No,No,No,No,No,Month-to-month,No,Mailed check,48.75,179.85,3048,0-12 Months,0,0.6646798464866306,1,66.47,High Risk,Contract upgrade + Security offer
5461-QKNTN,Male,Yes,Yes,No,43,Yes,Yes,Fiber optic,No,Yes,No,Yes,Yes,No,Month-to-month,Yes,Electronic check,94.3,3953.15,2040,25-48 Months,0,0.7218698668462346,1,72.19,High Risk,Contract upgrade + Security offer
3967-KXAPS,Male,No,Yes,No,72,Yes,Yes,DSL,Yes,Yes,Yes,Yes,Yes,Yes,Two year,No,Credit card (automatic),92.3,6719.9,5136,49+ Months,0,0.050544492095574545,0,5.05,Low Risk,Monitor
6919-ELBGL,Male,Yes,Yes,No,72,Yes,Yes,Fiber optic,Yes,Yes,Yes,Yes,Yes,Yes,Two year,Yes,Bank transfer (automatic),114.95,8196.4,6268,49+ Months,0,0.1827396113105254,0,18.27,Low Risk,Monitor
8361-LTMKD,Male,Yes,Yes,No,4,Yes,Yes,Fiber optic,No,No,No,No,No,No,Month-to-month,Yes,Mailed check,74.4,306.6,5839,0-12 Months,1,0.8877671061091852,1,88.78,High Risk,Contract upgrade + Security offer
1131-ALZWV,Female,No,No,No,24,Yes,Yes,No,No internet service,No internet service,No internet service,No internet service,No internet service,No internet service,One year,No,Bank transfer (automatic),24.6,605.25,4147,13-24 Months,0,0.14203828129877474,0,14.2,Low Risk,Monitor
5178-LMXOP,Male,Yes,Yes,No,1,Yes,Yes,Fiber optic,No,No,No,No,Yes,Yes,Month-to-month,Yes,Electronic check,95.1,95.1,5795,0-12 Months,1,0.9502737946133769,1,95.03,High Risk,Contract upgrade + Security offer
8992-CEUEN,Female,No,No,No,1,Yes,No,No,No internet service,No internet service,No internet service,No internet service,No internet service,No internet service,Month-to-month,No,Electronic check,18.85,18.85,5084,0-12 Months,0,0.5401565397745298,0,54.02,Medium Risk,Monitor
3320-VEOYC,Male,Yes,No,No,14,Yes,Yes,Fiber optic,No,No,No,No,Yes,Yes,Month-to-month,Yes,Electronic check,95.6,1273.3,3502,13-24 Months,0,0.9037331782879549,1,90.37,High Risk,Contract upgrade + Security offer
3672-YITQD,Male,Yes,Yes,No,36,Yes,Yes,Fiber optic,No,No,No,No,No,Yes,Month-to-month,Yes,Electronic check,84.1,3021.6,2987,25-48 Months,1,0.8364308030566915,1,83.64,High Risk,Contract upgrade + Security offer
6080-TCMYC,Male,No,Yes,Yes,40,Yes,Yes,Fiber optic,No,No,Yes,No,No,No,Month-to-month,Yes,Electronic check,81.2,3292.3,5370,25-48 Months,0,0.38999463220870584,0,39.0,Low Risk,Monitor
6734-FQAJX,Male,Yes,No,No,67,Yes,No,Fiber optic,Yes,Yes,No,Yes,Yes,Yes,Two year,Yes,Electronic check,105.05,7171.7,4143,49+ Months,0,0.16923451581918367,0,16.92,Low Risk,Monitor
1063-DHQJF,Male,No,Yes,Yes,69,Yes,No,Fiber optic,No,Yes,No,Yes,Yes,No,Two year,Yes,Mailed check,92.15,6480.9,5817,49+ Months,0,0.03160254918061237,0,3.16,Low Risk,Monitor
3976-NLDEZ,Male,No,No,No,1,Yes,No,No,No internet service,No internet service,No internet service,No internet service,No internet service,No internet service,Month-to-month,No,Mailed check,20.6,20.6,5370,0-12 Months,0,0.45054858224125605,0,45.05,Medium Risk,Monitor
1729-VLAZJ,Female,No,No,Yes,10,No,No phone service,DSL,Yes,Yes,No,Yes,No,No,One year,No,Mailed check,40.25,411.45,2876,0-12 Months,0,0.06716752198573757,0,6.72,Low Risk,Monitor
3400-ESFUW,Male,No,Yes,No,55,Yes,No,DSL,Yes,Yes,No,Yes,No,No,Two year,No,Bank transfer (automatic),57.55,3046.4,5463,49+ Months,1,0.031655949888933145,0,3.17,Low Risk,Monitor
5271-YNWVR,Male,No,Yes,No,68,Yes,Yes,Fiber optic,Yes,Yes,Yes,Yes,Yes,Yes,Two year,Yes,Electronic check,113.15,7856.0,4610,49+ Months,1,0.26693356190370615,0,26.69,Low Risk,Monitor
1587-FKLZB,Male,Yes,Yes,No,66,Yes,Yes,Fiber optic,No,No,Yes,No,Yes,Yes,Month-to-month,Yes,Credit card (automatic),99.5,6822.15,4479,49+ Months,1,0.6795182794331083,1,67.95,High Risk,Contract upgrade + Security offer
0958-YHXGP,Female,No,No,No,7,Yes,No,Fiber optic,No,No,No,No,No,No,Month-to-month,Yes,Mailed check,69.9,497.3,4562,0-12 Months,0,0.7933372158517463,1,79.33,High Risk,Contract upgrade + Security offer
1494-EJZDW,Female,No,Yes,Yes,10,Yes,No,No,No internet service,No internet service,No internet service,No internet service,No internet service,No internet service,Two year,No,Mailed check,20.15,220.8,2836,0-12 Months,0,0.03166187504610146,0,3.17,Low Risk,Monitor
1816-FLZDK,Male,No,No,No,1,No,No phone service,DSL,No,No,No,Yes,No,No,Month-to-month,No,Mailed check,29.15,29.15,3923,0-12 Months,0,0.6781403069429295,1,67.81,High Risk,Contract upgrade + Security offer
2075-PUEPR,Male,No,Yes,Yes,55,Yes,No,No,No internet service,No internet service,No internet service,No internet service,No internet service,No internet service,Two year,No,Bank transfer (automatic),19.35,1153.25,5248,49+ Months,0,0.004650138482908247,0,0.47,Low Risk,Monitor
1833-TCXKK,Male,No,Yes,No,45,Yes,Yes,Fiber optic,No,Yes,Yes,No,Yes,Yes,Month-to-month,Yes,Bank transfer (automatic),107.75,4882.8,3301,25-48 Months,0,0.7530745094645054,1,75.31,High Risk,Contract upgrade + Security offer
1436-ZMJAN,Female,No,Yes,No,10,Yes,No,DSL,No,No,Yes,No,Yes,Yes,Month-to-month,Yes,Credit card (automatic),67.8,653.15,2709,0-12 Months,0,0.758985613637435,1,75.9,High Risk,Contract upgrade + Security offer
0106-UGRDO,Female,No,Yes,No,69,Yes,Yes,Fiber optic,Yes,Yes,Yes,Yes,Yes,Yes,Two year,Yes,Electronic check,116.0,8182.85,4216,49+ Months,0,0.2547888674784377,0,25.48,Low Risk,Monitor
1069-XAIEM,Female,Yes,No,No,1,Yes,Yes,Fiber optic,No,No,No,No,No,Yes,Month-to-month,Yes,Electronic check,85.05,85.05,2975,0-12 Months,1,0.9155259742923608,1,91.55,High Risk,Contract upgrade + Security offer
4213-HKBJO,Female,No,No,No,33,Yes,Yes,No,No internet service,No internet service,No internet service,No internet service,No internet service,No internet service,Two year,No,Credit card (automatic),25.7,826.1,3378,25-48 Months,0,0.05444039631256476,0,5.44,Low Risk,Monitor
8345-MVDYC,Female,No,No,No,45,Yes,No,DSL,Yes,No,Yes,Yes,Yes,Yes,Two year,No,Bank transfer (automatic),81.65,3618.7,5937,25-48 Months,0,0.06527031945001632,0,6.53,Low Risk,Monitor
2672-OJQZP,Female,No,No,No,1,Yes,No,DSL,No,No,No,No,No,No,Month-to-month,No,Mailed check,44.75,44.75,4118,0-12 Months,0,0.628220742024606,1,62.82,High Risk,Contract upgrade + Security offer
5136-RGMZO,Male,No,No,No,31,Yes,Yes,DSL,No,Yes,No,Yes,Yes,No,Month-to-month,Yes,Electronic check,71.05,2168.15,4443,25-48 Months,0,0.5421942505642205,0,54.22,Medium Risk,Monitor
5774-QPLTF,Male,No,Yes,Yes,50,Yes,No,No,No internet service,No internet service,No internet service,No internet service,No internet service,No internet service,One year,Yes,Mailed check,20.35,938.95,6391,49+ Months,0,0.014859944987031306,0,1.49,Low Risk,Monitor
5240-CAOYT,Female,No,No,No,57,Yes,Yes,Fiber optic,Yes,Yes,No,Yes,No,No,Month-to-month,Yes,Bank transfer (automatic),87.55,4884.85,4882,49+ Months,0,0.3172104151246441,0,31.72,Low Risk,Monitor
3707-GNWHM,Male,No,No,No,1,Yes,Yes,Fiber optic,No,No,No,No,No,No,Month-to-month,Yes,Mailed check,74.25,74.25,4750,0-12 Months,1,0.8629189032074441,1,86.29,High Risk,Contract upgrade + Security offer
5159-YFPKQ,Female,No,No,No,2,Yes,No,Fiber optic,No,No,Yes,No,No,No,Month-to-month,Yes,Electronic check,75.8,160.75,5270,0-12 Months,1,0.8593545871848604,1,85.94,High Risk,Contract upgrade + Security offer
5052-PNLOS,Male,No,No,No,3,Yes,Yes,Fiber optic,No,Yes,Yes,No,Yes,Yes,Month-to-month,Yes,Bank transfer (automatic),105.35,323.25,3662,0-12 Months,1,0.8753329786119507,1,87.53,High Risk,Contract upgrade + Security offer
6173-GOLSU,Male,Yes,Yes,No,67,Yes,Yes,Fiber optic,No,No,No,No,Yes,Yes,Month-to-month,Yes,Credit card (automatic),94.65,6079.0,4228,49+ Months,0,0.645010917056784,1,64.5,High Risk,Contract upgrade + Security offer
6661-HBGWL,Female,Yes,No,No,42,Yes,Yes,Fiber optic,No,Yes,Yes,No,Yes,Yes,Month-to-month,Yes,Bank transfer (automatic),104.75,4323.45,2984,25-48 Months,1,0.7133310227840187,1,71.33,High Risk,Contract upgrade + Security offer
8207-VVMYB,Female,No,Yes,No,70,Yes,Yes,No,No internet service,No internet service,No internet service,No internet service,No internet service,No internet service,Two year,Yes,Bank transfer (automatic),26.0,2006.95,6170,49+ Months,0,0.02293106209066601,0,2.29,Low Risk,Monitor
5324-KTGCG,Male,No,Yes,No,71,Yes,No,No,No internet service,No internet service,No internet service,No internet service,No internet service,No internet service,One year,No,Electronic check,20.85,1539.75,4837,49+ Months,0,0.030538770765753148,0,3.05,Low Risk,Monitor
7354-OIJLX,Male,No,No,No,9,Yes,Yes,Fiber optic,No,No,No,No,No,No,Month-to-month,Yes,Electronic check,75.85,724.65,5212,0-12 Months,0,0.8732625998539087,1,87.33,High Risk,Contract upgrade + Security offer
9286-BHDQG,Male,No,Yes,No,72,No,No phone service,DSL,Yes,Yes,Yes,Yes,No,No,Two year,No,Credit card (automatic),45.25,3139.8,5041,49+ Months,0,0.021434666775464826,0,2.14,Low Risk,Monitor
3567-PQTSO,Male,No,Yes,Yes,53,Yes,Yes,Fiber optic,No,Yes,Yes,No,Yes,Yes,One year,Yes,Electronic check,105.25,5576.3,6365,49+ Months,0,0.26003578536324695,0,26.0,Low Risk,Monitor
3197-ARFOY,Female,Yes,No,No,19,Yes,No,Fiber optic,Yes,Yes,No,Yes,Yes,Yes,Month-to-month,Yes,Mailed check,105.0,2007.25,3524,13-24 Months,0,0.654922188015922,1,65.49,High Risk,Offer contract upgrade
5698-BQJOH,Female,No,No,Yes,9,Yes,Yes,Fiber optic,No,No,No,No,Yes,Yes,Month-to-month,No,Electronic check,94.4,857.25,5571,0-12 Months,1,0.6109629709400283,0,61.1,Medium Risk,Monitor
1090-ESELR,Male,No,Yes,No,72,Yes,No,Fiber optic,Yes,Yes,No,Yes,Yes,Yes,Two year,No,Bank transfer (automatic),105.5,7611.55,5534,49+ Months,0,0.10124918510897538,0,10.12,Low Risk,Monitor
0056-EPFBG,Male,No,Yes,Yes,20,No,No phone service,DSL,Yes,No,Yes,Yes,No,No,Two year,Yes,Credit card (automatic),39.4,825.4,3899,13-24 Months,0,0.049463459916532865,0,4.95,Low Risk,Monitor
4955-VCWBI,Female,No,Yes,Yes,43,Yes,No,No,No internet service,No internet service,No internet service,No internet service,No internet service,No internet service,One year,No,Mailed check,20.0,817.95,4882,25-48 Months,0,0.014126980200412472,0,1.41,Low Risk,Monitor
4717-GHADL,Female,No,No,No,50,Yes,Yes,DSL,No,Yes,No,Yes,Yes,Yes,Two year,Yes,Mailed check,79.6,4024.2,5592,49+ Months,0,0.13326872065321874,0,13.33,Low Risk,Monitor
0058-EVZWM,Female,No,Yes,No,55,Yes,Yes,Fiber optic,Yes,No,No,No,Yes,No,Month-to-month,Yes,Bank transfer (automatic),89.8,4959.6,5875,49+ Months,0,0.5762782466560854,0,57.63,Medium Risk,Monitor
7218-HKQFK,Male,No,Yes,No,2,Yes,No,Fiber optic,No,No,No,Yes,Yes,Yes,Month-to-month,Yes,Electronic check,94.2,167.5,3715,0-12 Months,1,0.9055799993663783,1,90.56,High Risk,Contract upgrade + Security offer
5057-RKGLH,Female,No,Yes,Yes,9,Yes,No,No,No internet service,No internet service,No internet service,No internet service,No internet service,No internet service,Two year,No,Mailed check,20.35,191.1,5352,0-12 Months,0,0.03445186726747705,0,3.45,Low Risk,Monitor
2309-OSFEU,Male,No,No,No,10,No,No phone service,DSL,No,No,No,No,No,Yes,Month-to-month,Yes,Mailed check,33.9,298.45,2529,0-12 Months,1,0.7755621233294131,1,77.56,High Risk,Contract upgrade + Security offer
3429-IFLEM,Female,No,No,No,71,Yes,No,DSL,Yes,Yes,Yes,Yes,Yes,No,Two year,No,Credit card (automatic),77.35,5550.1,4846,49+ Months,0,0.019280813100801073,0,1.93,Low Risk,Monitor
1550-LOAHA,Female,No,Yes,No,32,Yes,No,Fiber optic,No,Yes,No,No,No,Yes,Month-to-month,No,Bank transfer (automatic),84.15,2585.95,4017,25-48 Months,1,0.6433997180852056,1,64.34,High Risk,Contract upgrade + Security offer
1400-MMYXY,Male,Yes,Yes,No,3,Yes,Yes,Fiber optic,No,Yes,Yes,No,Yes,Yes,Month-to-month,Yes,Electronic check,105.9,334.65,2715,0-12 Months,1,0.9323462671966142,1,93.23,High Risk,Contract upgrade + Security offer
7503-QQRVF,Male,Yes,Yes,No,16,Yes,No,Fiber optic,No,Yes,No,No,No,No,Month-to-month,Yes,Credit card (automatic),74.3,1178.25,2076,13-24 Months,1,0.7614134417254746,1,76.14,High Risk,Contract upgrade + Security offer
7504-UWHNB,Male,No,No,No,25,Yes,No,Fiber optic,No,No,No,No,No,No,Month-to-month,No,Electronic check,69.75,1729.35,3080,25-48 Months,0,0.6845598149314934,1,68.46,High Risk,Contract upgrade + Security offer
9565-JSNFM,Male,No,No,No,38,Yes,No,Fiber optic,No,No,No,No,No,No,One year,Yes,Bank transfer (automatic),70.45,2597.6,5437,25-48 Months,1,0.37699203406403275,0,37.7,Low Risk,Monitor
4735-BJKOU,Female,No,No,No,40,Yes,No,No,No internet service,No internet service,No internet service,No internet service,No internet service,No internet service,Two year,No,Mailed check,20.15,804.85,3915,25-48 Months,0,0.0326628199500904,0,3.27,Low Risk,Monitor
3580-GICBM,Female,No,Yes,Yes,61,Yes,Yes,No,No internet service,No internet service,No internet service,No internet service,No internet service,No internet service,Two year,Yes,Mailed check,24.2,1445.2,6201,49+ Months,0,0.006706447785110302,0,0.67,Low Risk,Monitor
7632-YUTXB,Female,No,Yes,Yes,25,Yes,No,No,No internet service,No internet service,No internet service,No internet service,No internet service,No internet service,One year,No,Mailed check,20.05,520.1,2010,25-48 Months,0,0.029726036487687534,0,2.97,Low Risk,Monitor
9412-ARGBX,Female,No,No,No,48,Yes,No,Fiber optic,No,Yes,Yes,Yes,Yes,No,Two year,Yes,Mailed check,95.5,4627.85,2459,25-48 Months,1,0.17201640854616854,0,17.2,Low Risk,Monitor
9576-ANLXO,Female,No,No,No,3,Yes,No,Fiber optic,No,No,No,No,No,No,Month-to-month,Yes,Bank transfer (automatic),69.55,222.3,2876,0-12 Months,1,0.8055294627241895,1,80.55,High Risk,Contract upgrade + Security offer
1110-KYLGQ,Female,No,No,No,63,Yes,Yes,Fiber optic,Yes,Yes,Yes,No,Yes,Yes,Month-to-month,No,Credit card (automatic),108.25,6780.1,5331,49+ Months,0,0.43599648342146197,0,43.6,Medium Risk,Monitor
8696-JKZNU,Female,Yes,No,No,37,Yes,Yes,Fiber optic,No,No,No,No,No,No,Month-to-month,Yes,Electronic check,76.25,2841.55,5859,25-48 Months,1,0.7365560699406625,1,73.66,High Risk,Contract upgrade + Security offer
8757-TFHHJ,Male,No,No,No,1,Yes,No,DSL,Yes,No,No,No,No,No,Month-to-month,Yes,Credit card (automatic),49.8,49.8,2978,0-12 Months,0,0.6015004973479692,0,60.15,Medium Risk,Monitor
2955-BJZHG,Male,No,Yes,No,17,Yes,No,Fiber optic,No,No,No,No,Yes,No,Month-to-month,No,Electronic check,80.85,1400.85,5174,13-24 Months,1,0.8320876478957658,1,83.21,High Risk,Contract upgrade + Security offer
9048-JVYVF,Male,No,No,No,3,Yes,No,DSL,No,No,No,Yes,Yes,Yes,Month-to-month,Yes,Electronic check,69.35,191.35,3520,0-12 Months,1,0.7757723388870343,1,77.58,High Risk,Contract upgrade + Security offer
0682-USIXD,Female,No,Yes,No,21,Yes,No,Fiber optic,No,No,No,Yes,Yes,No,Month-to-month,Yes,Electronic check,86.05,1818.9,2937,13-24 Months,0,0.800353999618736,1,80.04,High Risk,Contract upgrade + Security offer
3884-UEBXB,Female,No,Yes,Yes,67,No,No phone service,DSL,Yes,Yes,No,No,No,No,Two year,No,Bank transfer (automatic),36.15,2434.45,6314,49+ Months,0,0.00702903090596775,0,0.7,Low Risk,Monitor
1776-SPBWV,Female,No,Yes,Yes,34,Yes,No,No,No internet service,No internet service,No internet service,No internet service,No internet service,No internet service,One year,Yes,Bank transfer (automatic),20.1,682.1,2272,25-48 Months,0,0.02655190890918407,0,2.66,Low Risk,Monitor
9050-QLROH,Male,No,No,No,18,Yes,Yes,Fiber optic,No,No,Yes,No,No,Yes,Month-to-month,Yes,Credit card (automatic),90.7,1597.25,2931,13-24 Months,1,0.8017387660004327,1,80.17,High Risk,Contract upgrade + Security offer
2925-VDZHY,Male,No,Yes,Yes,72,Yes,Yes,DSL,Yes,Yes,Yes,Yes,Yes,Yes,Two year,No,Credit card (automatic),88.7,6501.35,4641,49+ Months,0,0.010395546421959235,0,1.04,Low Risk,Monitor
9512-UIBFX,Male,No,Yes,No,18,Yes,No,Fiber optic,No,No,Yes,No,Yes,Yes,Month-to-month,No,Mailed check,95.15,1779.95,4643,13-24 Months,1,0.808456676886077,1,80.85,High Risk,Contract upgrade + Security offer
8676-TRMJS,Male,No,No,No,3,Yes,Yes,Fiber optic,No,No,No,No,No,No,Month-to-month,No,Mailed check,75.0,209.1,3190,0-12 Months,1,0.8036390580766005,1,80.36,High Risk,Contract upgrade + Security offer
3334-CTHOL,Female,No,No,No,1,Yes,Yes,DSL,No,No,No,No,No,No,Month-to-month,Yes,Bank transfer (automatic),49.95,49.95,2041,0-12 Months,1,0.734668110450348,1,73.47,High Risk,Contract upgrade + Security offer
6331-LWDTQ,Male,No,No,No,10,Yes,Yes,DSL,No,No,No,No,Yes,Yes,Month-to-month,Yes,Credit card (automatic),72.15,794.25,2457,0-12 Months,1,0.7610347190669683,1,76.1,High Risk,Contract upgrade + Security offer
3847-BAERP,Female,No,No,No,10,Yes,No,No,No internet service,No internet service,No internet service,No internet service,No internet service,No internet service,Month-to-month,Yes,Mailed check,20.9,247.0,4905,0-12 Months,0,0.4226659906913099,0,42.27,Medium Risk,Monitor
4709-LKHYG,Female,No,Yes,No,29,Yes,No,No,No internet service,No internet service,No internet service,No internet service,No internet service,No internet service,One year,No,Electronic check,20.0,540.05,3800,25-48 Months,0,0.16098831028198354,0,16.1,Low Risk,Monitor
8621-MNIHH,Female,Yes,Yes,No,34,Yes,Yes,Fiber optic,No,Yes,Yes,No,No,Yes,Month-to-month,Yes,Electronic check,94.25,3217.55,3369,25-48 Months,1,0.8239511093851827,1,82.4,High Risk,Contract upgrade + Security offer
8884-ADFVN,Male,Yes,Yes,No,7,Yes,Yes,Fiber optic,No,No,Yes,No,Yes,Yes,Month-to-month,Yes,Electronic check,101.95,700.85,2016,0-12 Months,1,0.9320319540986999,1,93.2,High Risk,Contract upgrade + Security offer
2885-HIJDH,Male,No,Yes,Yes,69,Yes,Yes,DSL,Yes,No,Yes,Yes,Yes,Yes,Two year,No,Bank transfer (automatic),86.9,6194.1,4667,49+ Months,0,0.012386752613931936,0,1.24,Low Risk,Monitor
8570-KLJYJ,Female,No,No,No,36,Yes,Yes,DSL,Yes,No,No,No,No,No,One year,No,Mailed check,54.45,1893.5,4462,25-48 Months,0,0.15435954364736582,0,15.44,Low Risk,Monitor
9339-FIIJL,Male,No,Yes,No,72,Yes,Yes,DSL,No,Yes,Yes,Yes,Yes,Yes,Two year,No,Bank transfer (automatic),85.95,6151.9,6450,49+ Months,0,0.06882435469036027,0,6.88,Low Risk,Monitor
6223-DHJGV,Female,No,No,No,42,Yes,No,No,No internet service,No internet service,No internet service,No internet service,No internet service,No internet service,One year,Yes,Mailed check,20.65,958.1,5956,25-48 Months,0,0.07684342107936708,0,7.68,Low Risk,Monitor
0959-WHOKV,Male,No,No,No,42,Yes,Yes,Fiber optic,Yes,Yes,Yes,No,No,Yes,One year,Yes,Electronic check,99.0,4298.45,2887,25-48 Months,0,0.48098175014895067,0,48.1,Medium Risk,Monitor
9610-WCESF,Male,No,No,No,67,No,No phone service,DSL,Yes,No,No,Yes,Yes,No,Two year,No,Electronic check,43.9,3097.2,6344,49+ Months,0,0.04765807053153357,0,4.77,Low Risk,Monitor
9279-CJEOJ,Female,Yes,No,No,21,Yes,Yes,Fiber optic,No,No,No,No,Yes,Yes,Month-to-month,Yes,Bank transfer (automatic),95.4,2025.1,5691,13-24 Months,0,0.8437494170406759,1,84.37,High Risk,Contract upgrade + Security offer
2985-FMWYF,Female,No,No,No,23,Yes,Yes,Fiber optic,No,No,No,No,Yes,Yes,Month-to-month,Yes,Electronic check,93.5,2341.55,4861,13-24 Months,0,0.8850670753545185,1,88.51,High Risk,Contract upgrade + Security offer
3540-RZJYU,Female,No,No,No,15,Yes,No,Fiber optic,Yes,No,No,No,Yes,No,Month-to-month,No,Electronic check,86.2,1270.2,5829,13-24 Months,1,0.7272315728262864,1,72.72,High Risk,Contract upgrade + Tech Support
2522-WLNSF,Female,Yes,Yes,No,34,Yes,No,DSL,No,No,Yes,Yes,Yes,No,One year,No,Bank transfer (automatic),64.2,2106.3,2225,25-48 Months,0,0.198992897215367,0,19.9,Low Risk,Monitor
6861-XWTWQ,Male,Yes,Yes,No,7,Yes,Yes,Fiber optic,No,No,Yes,No,Yes,Yes,Month-to-month,Yes,Electronic check,99.25,665.45,2487,0-12 Months,1,0.9351334945381912,1,93.51,High Risk,Contract upgrade + Security offer
8735-NBLWT,Male,No,No,Yes,9,Yes,No,No,No internet service,No internet service,No internet service,No internet service,No internet service,No internet service,Month-to-month,No,Mailed check,20.4,184.1,4195,0-12 Months,0,0.09938934447483284,0,9.94,Low Risk,Monitor
1744-JHKYS,Female,No,Yes,No,34,Yes,Yes,No,No internet service,No internet service,No internet service,No internet service,No internet service,No internet service,Month-to-month,No,Electronic check,24.7,780.2,3421,25-48 Months,0,0.3087323102479041,0,30.87,Low Risk,Monitor
0841-NULXI,Male,No,No,No,1,No,No phone service,DSL,No,No,No,No,No,Yes,Month-to-month,Yes,Electronic check,35.55,35.55,3958,0-12 Months,1,0.8787972899428822,1,87.88,High Risk,Contract upgrade + Security offer
4016-BJKTZ,Female,No,No,No,25,Yes,Yes,Fiber optic,No,Yes,Yes,Yes,Yes,Yes,Two year,No,Electronic check,108.9,2809.05,4398,25-48 Months,0,0.4365463657264877,0,43.65,Medium Risk,Monitor
9298-WGMRW,Female,No,Yes,No,72,Yes,Yes,Fiber optic,Yes,Yes,Yes,Yes,Yes,Yes,Two year,Yes,Bank transfer (automatic),115.5,8312.75,4697,49+ Months,0,0.17261707408292362,0,17.26,Low Risk,Monitor
7893-IXHRQ,Male,No,No,No,1,Yes,No,No,No internet service,No internet service,No internet service,No internet service,No internet service,No internet service,Month-to-month,No,Electronic check,20.55,20.55,5636,0-12 Months,1,0.5418185185914677,0,54.18,Medium Risk,Monitor
8785-CJSHH,Female,No,Yes,No,60,Yes,Yes,Fiber optic,No,Yes,No,No,Yes,Yes,Month-to-month,Yes,Electronic check,99.8,5985.75,6213,49+ Months,0,0.7617099875820436,1,76.17,High Risk,Contract upgrade + Security offer
7654-YWJUF,Male,No,Yes,No,43,Yes,No,Fiber optic,Yes,No,Yes,Yes,No,No,One year,Yes,Bank transfer (automatic),84.25,3539.25,4382,25-48 Months,0,0.2553395175436686,0,25.53,Low Risk,Monitor
8909-BOLNL,Male,No,No,No,3,Yes,No,No,No internet service,No internet service,No internet service,No internet service,No internet service,No internet service,One year,No,Mailed check,21.2,52.05,2088,0-12 Months,0,0.2402712757359327,0,24.03,Low Risk,Monitor
9919-FZDED,Male,Yes,Yes,No,72,Yes,Yes,DSL,Yes,Yes,Yes,No,Yes,Yes,Two year,Yes,Credit card (automatic),84.1,5981.65,4671,49+ Months,0,0.0873980038126536,0,8.74,Low Risk,Monitor
0322-CHQRU,Male,No,No,No,2,Yes,No,DSL,No,No,No,No,No,No,Month-to-month,No,Electronic check,45.35,89.5,3478,0-12 Months,1,0.7002931577115894,1,70.03,High Risk,Contract upgrade + Security offer
3587-PMCOY,Male,No,No,No,10,Yes,No,Fiber optic,Yes,No,Yes,No,Yes,Yes,One year,Yes,Electronic check,98.9,1064.95,4614,0-12 Months,0,0.7149125855595905,1,71.49,High Risk,Promote Tech Support
0655-RBDUG,Male,No,No,No,7,Yes,Yes,Fiber optic,No,No,Yes,No,Yes,Yes,Month-to-month,Yes,Bank transfer (automatic),98.05,713.0,2561,0-12 Months,1,0.88098224128308,1,88.1,High Risk,Contract upgrade + Security offer
0983-TATYJ,Female,No,Yes,No,33,Yes,No,DSL,No,No,No,Yes,No,No,One year,Yes,Mailed check,51.45,1758.9,4935,25-48 Months,0,0.22675130695091492,0,22.68,Low Risk,Monitor
5650-YLIBA,Male,No,No,No,31,Yes,Yes,Fiber optic,No,Yes,No,No,No,No,Month-to-month,Yes,Electronic check,81.15,2640.55,3031,25-48 Months,0,0.7465205205839542,1,74.65,High Risk,Contract upgrade + Security offer
5144-TVGLP,Male,Yes,No,No,38,Yes,Yes,Fiber optic,No,No,No,No,Yes,Yes,Month-to-month,No,Electronic check,94.75,3653.0,3654,25-48 Months,0,0.7829962134639037,1,78.3,High Risk,Contract upgrade + Security offer
3569-EDBPQ,Female,No,No,No,24,Yes,Yes,Fiber optic,Yes,No,No,Yes,No,No,Month-to-month,Yes,Electronic check,84.35,1938.05,2198,13-24 Months,0,0.6590769517322387,1,65.91,High Risk,Contract upgrade + Payment review
4945-RVMTE,Female,No,No,No,28,Yes,No,DSL,No,No,Yes,No,Yes,No,Month-to-month,Yes,Bank transfer (automatic),59.55,1646.45,3354,25-48 Months,0,0.49222587206586355,0,49.22,Medium Risk,Monitor
3511-BFTJW,Male,No,Yes,Yes,72,No,No phone service,DSL,Yes,Yes,Yes,No,No,No,Two year,No,Credit card (automatic),38.5,2763.0,4710,49+ Months,0,0.005732376297955548,0,0.57,Low Risk,Monitor
5537-UXXVS,Female,No,Yes,No,20,Yes,No,No,No internet service,No internet service,No internet service,No internet service,No internet service,No internet service,Month-to-month,No,Bank transfer (automatic),19.25,375.25,4137,13-24 Months,0,0.30315043193517677,0,30.32,Low Risk,Monitor
8782-NUUOL,Male,No,No,No,60,Yes,No,DSL,Yes,No,Yes,Yes,Yes,Yes,One year,No,Mailed check,79.0,4801.1,4807,49+ Months,0,0.08059863011823566,0,8.06,Low Risk,Monitor
2865-TCHJW,Female,Yes,No,No,4,Yes,Yes,Fiber optic,No,No,Yes,No,Yes,No,Month-to-month,Yes,Electronic check,89.2,346.2,5808,0-12 Months,1,0.907067709847222,1,90.71,High Risk,Contract upgrade + Security offer
9931-KGHOA,Female,No,Yes,No,46,Yes,Yes,DSL,Yes,No,No,No,No,No,Month-to-month,No,Bank transfer (automatic),55.0,2473.95,5928,25-48 Months,0,0.2663512533295084,0,26.64,Low Risk,Monitor
3071-MVJCD,Male,No,Yes,No,72,Yes,Yes,DSL,Yes,Yes,Yes,Yes,Yes,No,Two year,No,Bank transfer (automatic),82.3,5815.15,4162,49+ Months,0,0.03339227988811184,0,3.34,Low Risk,Monitor
7279-BUYWN,Female,Yes,No,No,41,Yes,Yes,Fiber optic,Yes,Yes,Yes,No,Yes,Yes,Month-to-month,Yes,Electronic check,113.2,4689.5,3380,25-48 Months,1,0.7287726861258474,1,72.88,High Risk,Contract upgrade + Tech Support
3756-VNWDH,Male,Yes,Yes,No,65,Yes,Yes,Fiber optic,Yes,No,No,No,Yes,Yes,One year,Yes,Electronic check,100.75,6674.65,4368,49+ Months,0,0.5084851607234404,0,50.85,Medium Risk,Monitor
1395-OFUWC,Male,No,Yes,Yes,43,No,No phone service,DSL,No,Yes,No,No,No,No,Month-to-month,No,Credit card (automatic),29.3,1224.05,4741,25-48 Months,0,0.09753957769456918,0,9.75,Low Risk,Monitor
4223-BKEOR,Female,No,No,No,21,Yes,No,DSL,Yes,No,Yes,No,No,Yes,One year,No,Mailed check,64.85,1336.8,3302,13-24 Months,0,0.23050917252725156,0,23.05,Low Risk,Monitor
0040-HALCW,Male,No,Yes,Yes,54,Yes,No,No,No internet service,No internet service,No internet service,No internet service,No internet service,No internet service,Two year,No,Credit card (automatic),20.4,1090.6,6393,49+ Months,0,0.004777799536392473,0,0.48,Low Risk,Monitor
7124-UGSUR,Female,Yes,Yes,No,61,Yes,Yes,Fiber optic,No,Yes,Yes,No,Yes,Yes,One year,Yes,Credit card (automatic),104.4,6405.0,4412,49+ Months,1,0.4871267327761792,0,48.71,Medium Risk,Monitor
7395-XWZOY,Male,No,No,No,20,No,No phone service,DSL,Yes,Yes,Yes,Yes,Yes,No,Month-to-month,Yes,Credit card (automatic),55.0,1165.55,4481,13-24 Months,0,0.48513795926043646,0,48.51,Medium Risk,Monitor
5440-VHLUL,Male,No,No,No,69,Yes,Yes,Fiber optic,No,Yes,No,Yes,Yes,Yes,One year,Yes,Bank transfer (automatic),105.2,7386.05,6247,49+ Months,0,0.3174054569939723,0,31.74,Low Risk,Monitor
4706-DGAHW,Male,Yes,No,No,1,Yes,No,DSL,No,No,No,No,No,No,Month-to-month,No,Electronic check,45.2,45.2,4576,0-12 Months,0,0.7190971049218651,1,71.91,High Risk,Contract upgrade + Security offer
8166-ORCHU,Male,Yes,Yes,No,33,Yes,No,Fiber optic,Yes,Yes,No,Yes,No,Yes,One year,Yes,Electronic check,93.55,3055.5,4414,25-48 Months,0,0.4743116445683833,0,47.43,Medium Risk,Monitor
3978-YNKDD,Male,No,No,Yes,19,Yes,No,No,No internet service,No internet service,No internet service,No internet service,No internet service,No internet service,Two year,No,Credit card (automatic),20.85,467.5,2654,13-24 Months,0,0.0159852901644091,0,1.6,Low Risk,Monitor
7198-GLXTC,Male,No,No,No,2,Yes,No,Fiber optic,No,No,No,No,Yes,No,Month-to-month,No,Electronic check,79.0,143.65,5239,0-12 Months,1,0.8602160232812308,1,86.02,High Risk,Contract upgrade + Security offer
6366-XIVKZ,Female,No,Yes,Yes,13,Yes,No,DSL,Yes,No,Yes,No,No,Yes,Month-to-month,Yes,Mailed check,63.15,816.8,5916,13-24 Months,0,0.2511414742030117,0,25.11,Low Risk,Monitor
5133-POWUA,Male,No,No,No,1,Yes,No,DSL,No,No,No,No,No,No,Month-to-month,Yes,Mailed check,45.8,45.8,2614,0-12 Months,0,0.6946047797649285,1,69.46,High Risk,Contract upgrade + Security offer
8400-WZICQ,Female,No,Yes,Yes,55,Yes,No,DSL,Yes,Yes,No,No,No,No,Month-to-month,No,Electronic check,55.7,3131.8,4149,49+ Months,0,0.047927613389916066,0,4.79,Low Risk,Monitor
5382-SOYZL,Male,No,No,No,22,Yes,Yes,Fiber optic,No,No,No,No,Yes,Yes,Month-to-month,Yes,Electronic check,95.1,2162.6,3729,13-24 Months,0,0.8835963104430348,1,88.36,High Risk,Contract upgrade + Security offer
1989-PRJHP,Male,Yes,Yes,No,27,Yes,Yes,Fiber optic,No,No,No,No,No,No,Month-to-month,Yes,Electronic check,75.5,1893.95,2377,25-48 Months,1,0.8266361863151295,1,82.66,High Risk,Contract upgrade + Security offer
4154-AQUGT,Male,Yes,Yes,No,13,Yes,No,Fiber optic,No,Yes,No,Yes,No,Yes,Month-to-month,Yes,Bank transfer (automatic),89.05,1169.35,3861,13-24 Months,1,0.773872948479023,1,77.39,High Risk,Contract upgrade + Security offer
0980-FEXWF,Male,No,Yes,Yes,26,Yes,No,DSL,No,No,Yes,No,No,No,One year,No,Mailed check,50.35,1285.8,3386,25-48 Months,0,0.06714787782784032,0,6.71,Low Risk,Monitor
5845-BZZIB,Male,No,Yes,Yes,35,Yes,No,No,No internet service,No internet service,No internet service,No internet service,No internet service,No internet service,Two year,No,Mailed check,20.1,655.3,4517,25-48 Months,0,0.011098306394354758,0,1.11,Low Risk,Monitor
4840-ORQXB,Female,Yes,No,No,56,Yes,Yes,Fiber optic,No,Yes,Yes,No,Yes,Yes,Month-to-month,No,Electronic check,104.75,5841.35,5128,49+ Months,0,0.6623509662925701,1,66.24,High Risk,Contract upgrade + Security offer
0295-PPHDO,Male,No,No,No,1,Yes,Yes,Fiber optic,No,No,No,No,Yes,Yes,Month-to-month,Yes,Electronic check,95.45,95.45,5962,0-12 Months,1,0.9334479956624115,1,93.34,High Risk,Contract upgrade + Security offer
8775-ERLNB,Male,Yes,Yes,No,1,Yes,Yes,Fiber optic,No,No,No,No,No,No,Month-to-month,No,Electronic check,74.3,74.3,2968,0-12 Months,0,0.8958976878949172,1,89.59,High Risk,Contract upgrade + Security offer
0376-YMCJC,Male,No,No,No,23,Yes,Yes,Fiber optic,No,No,No,Yes,Yes,No,Month-to-month,Yes,Electronic check,90.6,1943.2,4359,13-24 Months,1,0.7945958109234497,1,79.46,High Risk,Contract upgrade + Security offer
7410-YTJIK,Female,No,No,No,7,Yes,Yes,Fiber optic,No,No,No,No,No,No,Month-to-month,No,Mailed check,75.45,480.75,2872,0-12 Months,1,0.7741779366665708,1,77.42,High Risk,Contract upgrade + Security offer
9927-DSWDF,Male,No,Yes,No,22,Yes,No,Fiber optic,Yes,Yes,No,Yes,Yes,Yes,Month-to-month,Yes,Electronic check,104.6,2180.55,2429,13-24 Months,0,0.7602855875432998,1,76.03,High Risk,Contract upgrade + Payment review
6681-ZSEXG,Male,No,Yes,No,56,Yes,Yes,DSL,No,Yes,Yes,No,No,No,Two year,No,Credit card (automatic),59.5,3389.25,5477,49+ Months,0,0.07517949675251008,0,7.52,Low Risk,Monitor
5702-KVQRD,Male,No,Yes,No,71,Yes,No,DSL,Yes,No,Yes,Yes,Yes,Yes,Two year,Yes,Electronic check,82.55,5832.65,4668,49+ Months,0,0.0775797031998767,0,7.76,Low Risk,Monitor
8711-LOBKY,Male,No,Yes,Yes,59,Yes,No,No,No internet service,No internet service,No internet service,No internet service,No internet service,No internet service,Two year,No,Mailed check,19.85,1188.25,6144,49+ Months,0,0.004019791333063811,0,0.4,Low Risk,Monitor
9692-TUSXH,Female,No,No,No,18,Yes,No,Fiber optic,Yes,No,No,No,Yes,Yes,Month-to-month,Yes,Electronic check,96.05,1740.7,5581,13-24 Months,1,0.8146337510829496,1,81.46,High Risk,Contract upgrade + Tech Support
4012-YCFAI,Male,No,Yes,No,60,Yes,No,DSL,Yes,Yes,No,Yes,No,No,Two year,Yes,Mailed check,61.35,3766.2,6174,49+ Months,0,0.03874659420909382,0,3.87,Low Risk,Monitor
8455-HIRAQ,Female,No,No,No,8,Yes,No,DSL,No,No,No,No,No,No,Month-to-month,No,Mailed check,44.45,369.3,4909,0-12 Months,0,0.5679173802091578,0,56.79,Medium Risk,Monitor
7853-WNZSY,Male,No,No,No,1,Yes,No,No,No internet service,No internet service,No internet service,No internet service,No internet service,No internet service,Month-to-month,Yes,Credit card (automatic),19.75,19.75,5809,0-12 Months,0,0.5246812686463693,0,52.47,Medium Risk,Monitor
0390-DCFDQ,Female,Yes,Yes,Yes,1,Yes,No,Fiber optic,No,No,No,No,No,No,Month-to-month,Yes,Mailed check,70.45,70.45,3964,0-12 Months,1,0.5498452009595148,0,54.98,Medium Risk,Monitor
6421-SZVEM,Female,No,Yes,Yes,28,Yes,No,Fiber optic,Yes,No,No,No,No,Yes,One year,Yes,Bank transfer (automatic),82.85,2320.8,5802,25-48 Months,0,0.17342304542566167,0,17.34,Low Risk,Monitor
3094-JOJAI,Male,No,No,No,18,Yes,Yes,Fiber optic,No,No,No,No,No,No,Month-to-month,No,Mailed check,74.15,1387.0,2643,13-24 Months,0,0.7184028590933058,1,71.84,High Risk,Contract upgrade + Security offer
4873-ILOLJ,Male,No,No,No,24,Yes,No,Fiber optic,No,No,No,No,Yes,Yes,Month-to-month,Yes,Electronic check,90.35,2238.5,5546,13-24 Months,1,0.8487239787492786,1,84.87,High Risk,Contract upgrade + Security offer
8181-YHCMF,Female,No,Yes,No,68,No,No phone service,DSL,No,Yes,Yes,Yes,Yes,Yes,Two year,No,Credit card (automatic),60.3,4109.0,4864,49+ Months,0,0.06793585476552001,0,6.79,Low Risk,Monitor
3324-OIRTO,Male,No,Yes,Yes,71,Yes,No,Fiber optic,Yes,Yes,Yes,No,Yes,Yes,One year,Yes,Bank transfer (automatic),104.65,7288.4,6101,49+ Months,0,0.07016555991456108,0,7.02,Low Risk,Monitor
9135-HSWOC,Male,No,Yes,Yes,64,Yes,No,No,No internet service,No internet service,No internet service,No internet service,No internet service,No internet service,Two year,Yes,Bank transfer (automatic),19.7,1274.05,5431,49+ Months,0,0.004215822007788714,0,0.42,Low Risk,Monitor
2272-WUSPA,Female,No,Yes,No,72,Yes,Yes,Fiber optic,Yes,Yes,Yes,No,Yes,Yes,Two year,Yes,Electronic check,110.75,7751.7,4848,49+ Months,0,0.27997277275528076,0,28.0,Low Risk,Monitor
4627-MIHJH,Female,Yes,No,No,69,Yes,Yes,Fiber optic,Yes,No,Yes,Yes,Yes,Yes,Two year,No,Credit card (automatic),110.25,7467.55,4948,49+ Months,0,0.11592749152443209,0,11.59,Low Risk,Monitor
3896-RCYYE,Female,No,No,No,67,No,No phone service,DSL,No,No,Yes,Yes,Yes,Yes,Month-to-month,Yes,Credit card (automatic),53.4,3579.15,5990,49+ Months,0,0.26112998702726525,0,26.11,Low Risk,Monitor
6729-GDNGC,Female,Yes,No,No,20,Yes,No,Fiber optic,No,No,No,No,Yes,No,Month-to-month,No,Bank transfer (automatic),80.7,1614.2,3111,13-24 Months,0,0.6884903996540663,1,68.85,High Risk,Contract upgrade + Security offer
9945-PSVIP,Female,No,Yes,Yes,25,Yes,No,No,No internet service,No internet service,No internet service,No internet service,No internet service,No internet service,Two year,Yes,Mailed check,18.7,383.65,2289,25-48 Months,0,0.022202761053634182,0,2.22,Low Risk,Monitor
4137-JOPHL,Female,No,No,No,50,Yes,No,Fiber optic,No,No,Yes,Yes,No,Yes,Two year,Yes,Bank transfer (automatic),89.7,4304.5,5306,49+ Months,0,0.1765113647101928,0,17.65,Low Risk,Monitor
2720-FVBQP,Female,No,Yes,Yes,6,Yes,Yes,DSL,No,No,No,No,No,No,Month-to-month,Yes,Credit card (automatic),48.95,273.25,3061,0-12 Months,0,0.37669305451327034,0,37.67,Low Risk,Monitor
7854-EKTJL,Female,No,No,Yes,2,Yes,No,No,No internet service,No internet service,No internet service,No internet service,No internet service,No internet service,Month-to-month,Yes,Electronic check,19.6,35.85,2843,0-12 Months,1,0.2221662730260926,0,22.22,Low Risk,Monitor
1133-KXCGE,Female,No,No,No,18,Yes,No,No,No internet service,No internet service,No internet service,No internet service,No internet service,No internet service,One year,No,Mailed check,20.1,407.05,2910,13-24 Months,0,0.1420121738776729,0,14.2,Low Risk,Monitor
6048-QBXKL,Female,Yes,No,No,2,Yes,Yes,DSL,No,Yes,No,No,No,No,Month-to-month,Yes,Credit card (automatic),56.55,118.25,2069,0-12 Months,0,0.6962781510015958,1,69.63,High Risk,Contract upgrade + Security offer
6338-AVWCY,Male,No,No,No,3,No,No phone service,DSL,No,No,Yes,No,Yes,No,Month-to-month,Yes,Mailed check,40.15,130.75,4710,0-12 Months,1,0.814700332044815,1,81.47,High Risk,Contract upgrade + Security offer
0013-MHZWF,Female,No,No,Yes,9,Yes,No,DSL,No,No,No,Yes,Yes,Yes,Month-to-month,Yes,Credit card (automatic),69.4,571.45,5108,0-12 Months,0,0.26858709847884643,0,26.86,Low Risk,Monitor
9804-ICWBG,Male,No,No,No,1,Yes,No,Fiber optic,No,No,No,No,No,No,Month-to-month,Yes,Electronic check,69.9,69.9,3349,0-12 Months,1,0.8708778475191393,1,87.09,High Risk,Contract upgrade + Security offer
2368-GAKKQ,Female,No,No,No,70,Yes,Yes,Fiber optic,Yes,Yes,Yes,Yes,Yes,Yes,Two year,Yes,Bank transfer (automatic),113.65,7939.25,6424,49+ Months,0,0.14650833488104067,0,14.65,Low Risk,Monitor
4829-AUOAX,Female,No,No,No,46,Yes,Yes,Fiber optic,No,No,No,No,Yes,Yes,Month-to-month,No,Bank transfer (automatic),96.05,4399.5,2712,25-48 Months,1,0.6375143289165878,1,63.75,High Risk,Contract upgrade + Security offer
7876-BEUTG,Female,No,No,No,15,Yes,Yes,DSL,No,No,No,No,No,No,Month-to-month,Yes,Mailed check,48.8,720.1,2577,13-24 Months,0,0.632727684538755,1,63.27,High Risk,Contract upgrade + Security offer
6349-JDHQP,Female,No,No,No,53,Yes,No,No,No internet service,No internet service,No internet service,No internet service,No internet service,No internet service,Two year,No,Credit card (automatic),19.85,1049.6,6338,49+ Months,0,0.01863327070372824,0,1.86,Low Risk,Monitor
3063-QFSZL,Female,No,No,No,1,Yes,No,DSL,No,No,No,No,No,Yes,Month-to-month,Yes,Electronic check,55.4,55.4,2294,0-12 Months,1,0.8000000919323702,1,80.0,High Risk,Contract upgrade + Security offer
9142-XMYJH,Female,No,No,No,29,Yes,No,No,No internet service,No internet service,No internet service,No internet service,No internet service,No internet service,Month-to-month,No,Credit card (automatic),19.35,601.6,5227,25-48 Months,0,0.18336937139698606,0,18.34,Low Risk,Monitor
2609-IAICY,Female,No,No,No,1,Yes,Yes,Fiber optic,No,No,No,No,No,No,Month-to-month,Yes,Electronic check,77.15,77.15,2756,0-12 Months,1,0.8892853419491664,1,88.93,High Risk,Contract upgrade + Security offer
8626-PTQGE,Male,No,No,No,69,No,No phone service,DSL,Yes,Yes,No,Yes,Yes,Yes,Two year,Yes,Bank transfer (automatic),60.05,4176.7,5388,49+ Months,0,0.052772307753925,0,5.28,Low Risk,Monitor
0230-UBYPQ,Male,Yes,Yes,No,63,No,No phone service,DSL,Yes,No,No,Yes,No,No,One year,No,Bank transfer (automatic),36.1,2298.9,5089,49+ Months,0,0.06218478768775706,0,6.22,Low Risk,Monitor
6814-ZPWFQ,Male,Yes,No,No,51,Yes,Yes,No,No internet service,No internet service,No internet service,No internet service,No internet service,No internet service,One year,No,Bank transfer (automatic),25.0,1260.7,5896,49+ Months,0,0.05234273349536536,0,5.23,Low Risk,Monitor
5921-NGYRH,Male,No,Yes,No,64,Yes,No,Fiber optic,Yes,No,No,No,No,No,Month-to-month,Yes,Mailed check,73.55,4764.0,5018,49+ Months,0,0.36165281131623994,0,36.17,Low Risk,Monitor
7803-XOCCZ,Female,No,Yes,Yes,52,Yes,No,Fiber optic,Yes,No,Yes,Yes,No,No,Month-to-month,Yes,Bank transfer (automatic),84.05,4326.8,6099,49+ Months,0,0.10231358053982273,0,10.23,Low Risk,Monitor
1459-QNFQT,Male,No,Yes,No,70,No,No phone service,DSL,Yes,No,Yes,Yes,Yes,Yes,Two year,No,Bank transfer (automatic),59.5,4144.8,4031,49+ Months,0,0.051137771171978964,0,5.11,Low Risk,Monitor
3948-FVVRP,Male,No,Yes,Yes,9,Yes,No,DSL,No,Yes,No,Yes,No,No,Month-to-month,No,Mailed check,54.8,452.8,2848,0-12 Months,0,0.16442250994964297,0,16.44,Low Risk,Monitor
0923-PNFUB,Female,No,No,No,3,Yes,No,Fiber optic,No,Yes,No,No,Yes,No,Month-to-month,No,Electronic check,83.75,247.25,4852,0-12 Months,1,0.834527513616949,1,83.45,High Risk,Contract upgrade + Security offer
4654-ULTTN,Male,No,Yes,No,70,Yes,Yes,DSL,Yes,No,Yes,Yes,No,Yes,Two year,Yes,Credit card (automatic),74.8,5315.8,6447,49+ Months,0,0.05646014862870221,0,5.65,Low Risk,Monitor
5628-FCGYG,Male,No,No,No,21,Yes,Yes,Fiber optic,No,No,No,No,No,Yes,Month-to-month,Yes,Electronic check,84.1,1737.45,4649,13-24 Months,0,0.8595901559590693,1,85.96,High Risk,Contract upgrade + Security offer
0506-LVNGN,Female,Yes,No,No,5,Yes,No,Fiber optic,No,No,Yes,No,No,No,Month-to-month,Yes,Credit card (automatic),75.55,349.65,4028,0-12 Months,1,0.787192246820509,1,78.72,High Risk,Contract upgrade + Security offer
4329-YPDDQ,Male,No,No,No,20,Yes,No,Fiber optic,Yes,Yes,Yes,Yes,Yes,Yes,Month-to-month,Yes,Bank transfer (automatic),108.2,2203.7,2102,13-24 Months,0,0.6318464273635672,1,63.18,High Risk,Offer contract upgrade
9866-OCCKE,Female,Yes,Yes,No,72,Yes,Yes,Fiber optic,Yes,No,Yes,Yes,Yes,Yes,Two year,Yes,Mailed check,109.75,8075.35,6010,49+ Months,0,0.2018143925967027,0,20.18,Low Risk,Monitor
0794-YVSGE,Male,No,Yes,Yes,72,Yes,No,No,No internet service,No internet service,No internet service,No internet service,No internet service,No internet service,Two year,No,Bank transfer (automatic),20.3,1401.15,5265,49+ Months,0,0.0021055924228040937,0,0.21,Low Risk,Monitor
4342-HENTK,Female,Yes,No,No,2,Yes,No,Fiber optic,No,No,No,No,No,No,Month-to-month,Yes,Electronic check,70.65,142.35,2189,0-12 Months,1,0.8631303760836201,1,86.31,High Risk,Contract upgrade + Security offer
5934-TSSAU,Female,No,Yes,Yes,23,Yes,No,Fiber optic,No,No,Yes,No,No,No,Month-to-month,Yes,Credit card (automatic),75.3,1702.9,5903,13-24 Months,0,0.3502503276156199,0,35.03,Low Risk,Monitor
9986-BONCE,Female,No,No,No,4,Yes,No,No,No internet service,No internet service,No internet service,No internet service,No internet service,No internet service,Month-to-month,No,Bank transfer (automatic),20.95,85.5,5822,0-12 Months,1,0.4040318829674017,0,40.4,Medium Risk,Monitor
5301-GAUUY,Male,No,No,No,32,Yes,Yes,Fiber optic,No,Yes,No,No,No,No,Month-to-month,Yes,Bank transfer (automatic),80.35,2596.15,5974,25-48 Months,1,0.667946956947171,1,66.79,High Risk,Contract upgrade + Security offer
0725-CXOTM,Female,No,No,No,36,Yes,Yes,DSL,Yes,No,Yes,Yes,Yes,Yes,One year,Yes,Credit card (automatic),89.65,3348.1,4844,25-48 Months,0,0.23530184890892664,0,23.53,Low Risk,Monitor
2843-CQMEG,Male,No,No,No,24,Yes,No,DSL,No,Yes,No,No,No,No,Month-to-month,Yes,Mailed check,49.7,1218.25,2911,13-24 Months,0,0.4585247838103264,0,45.85,Medium Risk,Monitor
5600-PDUJF,Male,No,No,No,6,Yes,No,DSL,No,No,No,Yes,No,No,Month-to-month,Yes,Credit card (automatic),49.5,312.7,5552,0-12 Months,0,0.5787433463071209,0,57.87,Medium Risk,Monitor
4500-HKANN,Male,No,Yes,No,23,Yes,Yes,DSL,No,Yes,No,Yes,No,No,Two year,No,Mailed check,59.7,1414.2,3464,13-24 Months,0,0.16641331907285326,0,16.64,Low Risk,Monitor
1862-QRWPE,Female,No,Yes,No,48,Yes,No,No,No internet service,No internet service,No internet service,No internet service,No internet service,No internet service,Two year,No,Bank transfer (automatic),20.65,1057.0,4124,25-48 Months,0,0.029731617766290963,0,2.97,Low Risk,Monitor
2155-AMQRX,Female,No,No,No,28,Yes,Yes,DSL,No,No,No,Yes,No,No,Month-to-month,Yes,Credit card (automatic),54.9,1505.15,2885,25-48 Months,0,0.4175758806754564,0,41.76,Medium Risk,Monitor
0823-HSCDJ,Male,Yes,No,No,52,No,No phone service,DSL,No,Yes,No,No,Yes,Yes,Month-to-month,Yes,Electronic check,49.15,2550.9,5597,49+ Months,1,0.5453185693845123,0,54.53,Medium Risk,Monitor
4090-KPJIP,Female,No,No,No,3,Yes,Yes,Fiber optic,No,No,No,No,No,No,Month-to-month,Yes,Electronic check,74.95,212.4,3641,0-12 Months,0,0.8881278741547374,1,88.81,High Risk,Contract upgrade + Security offer
2737-YNGYW,Female,No,No,No,2,Yes,No,Fiber optic,No,No,No,No,No,Yes,Month-to-month,No,Electronic check,80.55,184.1,2856,0-12 Months,1,0.8514864453156943,1,85.15,High Risk,Contract upgrade + Security offer
5619-XZZKR,Male,No,No,No,4,Yes,No,No,No internet service,No internet service,No internet service,No internet service,No internet service,No internet service,One year,No,Mailed check,19.95,68.2,2195,0-12 Months,0,0.23648925412558727,0,23.65,Low Risk,Monitor
6047-YHPVI,Male,No,No,Yes,5,Yes,No,Fiber optic,No,No,No,No,No,No,Month-to-month,Yes,Electronic check,69.7,316.9,2454,0-12 Months,1,0.5305999141724035,0,53.06,Medium Risk,Monitor
8375-DKEBR,Female,Yes,No,No,1,Yes,No,Fiber optic,No,No,No,No,No,No,Month-to-month,Yes,Electronic check,69.6,69.6,3438,0-12 Months,1,0.8718720726207612,1,87.19,High Risk,Contract upgrade + Security offer
7729-XBTWX,Male,No,Yes,Yes,66,Yes,No,No,No internet service,No internet service,No internet service,No internet service,No internet service,No internet service,Two year,Yes,Mailed check,19.75,1344.5,4485,49+ Months,0,0.003939568185618167,0,0.39,Low Risk,Monitor
4983-CLMLV,Female,No,Yes,No,52,Yes,Yes,Fiber optic,No,Yes,No,Yes,Yes,Yes,Month-to-month,Yes,Credit card (automatic),102.7,5138.1,4044,49+ Months,0,0.6473102180216557,1,64.73,High Risk,Contract upgrade + Security offer
9227-LUNBG,Female,No,No,No,1,No,No phone service,DSL,No,No,No,No,No,No,Month-to-month,No,Electronic check,24.6,24.6,5768,0-12 Months,1,0.8112619139416778,1,81.13,High Risk,Contract upgrade + Security offer
2758-RNWXS,Male,No,No,No,35,Yes,No,Fiber optic,Yes,No,No,Yes,No,Yes,One year,Yes,Electronic check,89.2,3251.3,4446,25-48 Months,0,0.4177354436575937,0,41.77,Medium Risk,Monitor
7055-HNEOJ,Male,No,Yes,No,3,Yes,No,DSL,No,No,Yes,Yes,No,No,Month-to-month,Yes,Mailed check,55.8,154.55,2662,0-12 Months,0,0.6478804639733464,1,64.79,High Risk,Contract upgrade + Security offer
7134-MJPDY,Female,Yes,No,No,66,Yes,Yes,Fiber optic,No,No,Yes,Yes,Yes,Yes,One year,Yes,Credit card (automatic),102.85,6976.75,5569,49+ Months,0,0.35230397867179153,0,35.23,Low Risk,Monitor
4560-WQAQW,Female,No,No,No,59,Yes,Yes,DSL,Yes,No,No,Yes,No,Yes,One year,No,Bank transfer (automatic),68.7,4070.95,4244,49+ Months,0,0.07576421820268398,0,7.58,Low Risk,Monitor
8532-UEFWH,Male,No,Yes,Yes,52,Yes,Yes,No,No internet service,No internet service,No internet service,No internet service,No internet service,No internet service,Two year,No,Mailed check,25.75,1345.85,4676,49+ Months,0,0.0071849113543690675,0,0.72,Low Risk,Monitor
8541-QVFKM,Female,No,No,No,8,Yes,Yes,Fiber optic,No,No,No,No,No,No,Month-to-month,Yes,Electronic check,73.5,632.2,5777,0-12 Months,0,0.8793007797438959,1,87.93,High Risk,Contract upgrade + Security offer
7129-ACFOG,Female,No,No,No,5,Yes,Yes,DSL,Yes,No,No,No,No,No,Month-to-month,Yes,Electronic check,53.8,283.95,2182,0-12 Months,0,0.7108909242464297,1,71.09,High Risk,Contract upgrade + Tech Support
2495-INZWQ,Male,No,No,No,4,No,No phone service,DSL,No,No,No,No,Yes,Yes,Month-to-month,Yes,Electronic check,44.55,174.3,5605,0-12 Months,1,0.8929574904859884,1,89.3,High Risk,Contract upgrade + Security offer
0263-FJTQO,Male,No,Yes,Yes,50,Yes,Yes,DSL,Yes,No,No,Yes,Yes,No,Two year,Yes,Credit card (automatic),70.5,3486.65,4022,49+ Months,0,0.020186836801304762,0,2.02,Low Risk,Monitor
0181-RITDD,Male,No,Yes,Yes,62,Yes,No,Fiber optic,Yes,Yes,Yes,Yes,Yes,Yes,Two year,No,Mailed check,108.15,6825.65,5298,49+ Months,0,0.029639276135825593,0,2.96,Low Risk,Monitor
8241-JUIQO,Female,No,No,No,61,Yes,No,No,No internet service,No internet service,No internet service,No internet service,No internet service,No internet service,One year,No,Bank transfer (automatic),19.45,1336.35,4559,49+ Months,0,0.024341359818052216,0,2.43,Low Risk,Monitor
0913-XWSCN,Male,No,Yes,Yes,55,Yes,Yes,Fiber optic,No,No,No,No,No,Yes,Month-to-month,No,Bank transfer (automatic),85.5,4713.4,6411,49+ Months,0,0.22105722962859592,0,22.11,Low Risk,Monitor
2159-TURXX,Male,No,No,No,5,Yes,No,No,No internet service,No internet service,No internet service,No internet service,No internet service,No internet service,Month-to-month,No,Credit card (automatic),20.05,95.55,2483,0-12 Months,0,0.3849899778250413,0,38.5,Low Risk,Monitor
6461-PPAXN,Female,No,Yes,No,35,Yes,No,DSL,Yes,No,No,Yes,No,No,One year,Yes,Bank transfer (automatic),54.95,1916.0,4858,25-48 Months,0,0.15583429815837518,0,15.58,Low Risk,Monitor
1452-KIOVK,Male,No,No,Yes,22,Yes,Yes,Fiber optic,No,Yes,No,No,Yes,No,Month-to-month,Yes,Credit card (automatic),89.1,1949.4,4459,13-24 Months,0,0.40275172804307025,0,40.28,Medium Risk,Monitor
1139-WUOAH,Male,No,No,No,57,No,No phone service,DSL,No,No,Yes,Yes,Yes,Yes,Two year,No,Credit card (automatic),53.35,3090.05,5461,49+ Months,0,0.08593316060621842,0,8.59,Low Risk,Monitor
3207-OYBWH,Male,Yes,Yes,No,57,Yes,Yes,Fiber optic,No,Yes,Yes,No,No,Yes,Month-to-month,Yes,Bank transfer (automatic),95.25,5427.05,6259,49+ Months,1,0.6386462346932307,1,63.86,High Risk,Contract upgrade + Security offer
8347-GDTMP,Female,No,Yes,No,64,Yes,No,No,No internet service,No internet service,No internet service,No internet service,No internet service,No internet service,Two year,No,Credit card (automatic),19.45,1225.65,5113,49+ Months,0,0.014741033402754351,0,1.47,Low Risk,Monitor
9909-DFRJA,Female,No,No,No,26,Yes,No,Fiber optic,Yes,No,Yes,Yes,No,Yes,One year,Yes,Bank transfer (automatic),95.85,2475.35,3834,25-48 Months,0,0.35746137234074293,0,35.75,Low Risk,Monitor
6383-ZTSIW,Female,Yes,Yes,No,39,Yes,No,Fiber optic,Yes,Yes,No,No,Yes,Yes,One year,No,Mailed check,99.1,3877.95,4599,25-48 Months,0,0.4088636659609712,0,40.89,Medium Risk,Monitor
5438-QMDDL,Female,No,Yes,No,19,Yes,No,DSL,No,Yes,No,No,No,Yes,Month-to-month,Yes,Mailed check,59.8,1130.85,3652,13-24 Months,0,0.6344458841328197,1,63.44,High Risk,Contract upgrade + Security offer
8914-RBTSB,Male,No,Yes,No,31,Yes,Yes,Fiber optic,No,Yes,Yes,No,Yes,No,Month-to-month,No,Electronic check,93.8,3019.5,4115,25-48 Months,1,0.7906117634002697,1,79.06,High Risk,Contract upgrade + Security offer
6164-HXUGH,Female,No,Yes,Yes,6,Yes,No,No,No internet service,No internet service,No internet service,No internet service,No internet service,No internet service,Month-to-month,No,Mailed check,19.85,119.3,5060,0-12 Months,0,0.1427155160674007,0,14.27,Low Risk,Monitor
6900-RBKER,Male,No,No,No,52,Yes,Yes,Fiber optic,No,No,Yes,No,No,Yes,Two year,Yes,Credit card (automatic),89.45,4577.75,5386,49+ Months,0,0.27826614537649,0,27.83,Low Risk,Monitor
1492-QGCLU,Male,No,Yes,Yes,53,Yes,Yes,DSL,Yes,No,Yes,Yes,Yes,Yes,Month-to-month,No,Electronic check,85.7,4616.1,5957,49+ Months,0,0.10971357212851347,0,10.97,Low Risk,Monitor
6664-FPDAC,Female,Yes,No,No,56,Yes,Yes,Fiber optic,No,Yes,Yes,Yes,Yes,Yes,One year,Yes,Electronic check,111.95,6418.9,4060,49+ Months,1,0.4793863158480247,0,47.94,Medium Risk,Monitor
1088-AUUZZ,Male,No,Yes,Yes,56,Yes,Yes,DSL,Yes,Yes,No,Yes,No,Yes,Two year,Yes,Credit card (automatic),75.85,4261.2,5314,49+ Months,0,0.01612101279840436,0,1.61,Low Risk,Monitor
6651-AZVTJ,Male,No,Yes,No,49,Yes,Yes,Fiber optic,No,No,Yes,No,Yes,Yes,Month-to-month,Yes,Electronic check,99.8,4872.45,6088,49+ Months,1,0.8264963285213366,1,82.65,High Risk,Contract upgrade + Security offer
8219-VYBVI,Male,No,No,Yes,39,Yes,Yes,No,No internet service,No internet service,No internet service,No internet service,No internet service,No internet service,Two year,No,Mailed check,25.0,1004.35,4295,25-48 Months,0,0.009577928607761646,0,0.96,Low Risk,Monitor
0310-MVLET,Female,No,Yes,No,61,Yes,Yes,Fiber optic,No,Yes,No,No,Yes,Yes,Month-to-month,Yes,Electronic check,99.15,6010.05,5612,49+ Months,1,0.7537229111450275,1,75.37,High Risk,Contract upgrade + Security offer
7233-IOQNP,Female,No,Yes,No,43,No,No phone service,DSL,Yes,No,No,Yes,No,No,Month-to-month,No,Bank transfer (automatic),34.0,1505.35,5409,25-48 Months,0,0.24410657553897366,0,24.41,Low Risk,Monitor
7311-MQJCH,Female,No,No,No,5,Yes,No,No,No internet service,No internet service,No internet service,No internet service,No internet service,No internet service,One year,No,Electronic check,19.55,99.6,2575,0-12 Months,0,0.2961240463980936,0,29.61,Low Risk,Monitor
9256-JTBNZ,Female,No,No,No,11,Yes,No,No,No internet service,No internet service,No internet service,No internet service,No internet service,No internet service,Month-to-month,No,Bank transfer (automatic),20.3,246.3,4188,0-12 Months,0,0.32826828327730107,0,32.83,Low Risk,Monitor
8713-IGZSO,Male,No,No,No,2,Yes,Yes,No,No internet service,No internet service,No internet service,No internet service,No internet service,No internet service,Month-to-month,No,Mailed check,24.85,62.0,5983,0-12 Months,0,0.5096010040716298,0,50.96,Medium Risk,Monitor
6821-BUXUX,Female,No,No,No,13,Yes,Yes,Fiber optic,Yes,Yes,No,No,Yes,No,Month-to-month,Yes,Electronic check,96.65,1244.5,2110,13-24 Months,1,0.8052942341281377,1,80.53,High Risk,Contract upgrade + Tech Support
9114-DPSIA,Male,No,Yes,Yes,72,Yes,Yes,DSL,Yes,Yes,Yes,Yes,No,Yes,Two year,No,Credit card (automatic),81.0,5750.0,4237,49+ Months,0,0.006854146829632391,0,0.69,Low Risk,Monitor
4501-UYKBC,Female,Yes,No,No,46,Yes,Yes,DSL,No,No,Yes,Yes,No,Yes,One year,Yes,Credit card (automatic),69.1,3255.35,3856,25-48 Months,0,0.198596341969919,0,19.86,Low Risk,Monitor
2798-NYLMZ,Male,No,Yes,No,71,Yes,Yes,Fiber optic,Yes,No,Yes,Yes,Yes,Yes,Two year,Yes,Credit card (automatic),108.55,7616.0,4111,49+ Months,0,0.18425778078957186,0,18.43,Low Risk,Monitor
6711-VTNRE,Female,No,No,No,36,Yes,No,Fiber optic,No,No,Yes,Yes,No,Yes,Month-to-month,Yes,Electronic check,87.55,3078.1,2558,25-48 Months,1,0.6599158224371072,1,65.99,High Risk,Contract upgrade + Security offer
5966-EMAZU,Male,No,Yes,No,64,Yes,Yes,Fiber optic,Yes,No,Yes,Yes,Yes,Yes,One year,Yes,Mailed check,108.5,6880.85,4576,49+ Months,0,0.34689025578790683,0,34.69,Low Risk,Monitor
3627-FHKBK,Female,No,No,No,1,Yes,No,Fiber optic,Yes,No,No,No,No,No,Month-to-month,No,Mailed check,75.3,75.3,3244,0-12 Months,1,0.6909694822290177,1,69.1,High Risk,Contract upgrade + Tech Support
7861-UVUFT,Female,No,Yes,No,15,Yes,No,Fiber optic,No,No,Yes,No,Yes,No,Month-to-month,Yes,Electronic check,84.3,1308.4,4003,13-24 Months,1,0.8712054272679581,1,87.12,High Risk,Contract upgrade + Security offer
9824-QCJPK,Male,No,Yes,No,36,Yes,No,No,No internet service,No internet service,No internet service,No internet service,No internet service,No internet service,One year,No,Mailed check,20.0,666.75,4175,25-48 Months,0,0.09175031130692968,0,9.18,Low Risk,Monitor
7816-VGHTO,Female,No,Yes,Yes,6,No,No phone service,DSL,No,Yes,Yes,Yes,No,No,Two year,No,Mailed check,40.55,217.5,2866,0-12 Months,0,0.0761421632881017,0,7.61,Low Risk,Monitor
3794-NFNCH,Male,No,Yes,No,30,Yes,No,DSL,No,No,Yes,No,No,No,Month-to-month,Yes,Mailed check,50.0,1474.9,4715,25-48 Months,0,0.49568800241557376,0,49.57,Medium Risk,Monitor
3877-JRJIP,Male,No,No,No,1,Yes,Yes,DSL,No,No,No,No,Yes,No,Month-to-month,Yes,Electronic check,59.85,59.85,4017,0-12 Months,1,0.8439051283851812,1,84.39,High Risk,Contract upgrade + Security offer
5228-EXCET,Male,No,No,No,13,Yes,No,Fiber optic,No,No,No,No,No,Yes,Month-to-month,Yes,Electronic check,80.85,1008.7,5964,13-24 Months,1,0.8565506269026326,1,85.66,High Risk,Contract upgrade + Security offer
6248-BSHKG,Male,No,Yes,Yes,61,Yes,No,No,No internet service,No internet service,No internet service,No internet service,No internet service,No internet service,One year,No,Mailed check,20.4,1226.45,5897,49+ Months,0,0.0067011170483805855,0,0.67,Low Risk,Monitor
8915-NNTRC,Male,No,Yes,Yes,72,Yes,Yes,Fiber optic,Yes,Yes,No,Yes,Yes,Yes,Two year,Yes,Credit card (automatic),107.7,7919.8,4351,49+ Months,0,0.04068272002835664,0,4.07,Low Risk,Monitor
3470-OBUET,Female,No,Yes,Yes,67,Yes,Yes,DSL,Yes,Yes,No,Yes,Yes,No,Two year,No,Credit card (automatic),74.0,4868.4,4188,49+ Months,0,0.007606070058554255,0,0.76,Low Risk,Monitor
3229-USWAR,Female,No,No,No,34,Yes,No,DSL,Yes,No,Yes,Yes,Yes,Yes,One year,Yes,Bank transfer (automatic),79.95,2727.3,3570,25-48 Months,0,0.19843344288959114,0,19.84,Low Risk,Monitor
1927-QEWMY,Female,No,Yes,No,72,Yes,No,No,No internet service,No internet service,No internet service,No internet service,No internet service,No internet service,Two year,No,Credit card (automatic),20.5,1502.25,6302,49+ Months,0,0.010670227891558708,0,1.07,Low Risk,Monitor
6374-AFWOX,Male,No,Yes,No,46,Yes,No,DSL,Yes,Yes,Yes,Yes,No,No,Two year,No,Mailed check,65.65,3047.15,2680,25-48 Months,0,0.042290993915888954,0,4.23,Low Risk,Monitor
7912-SYRQT,Female,No,No,No,7,Yes,Yes,Fiber optic,No,No,No,No,No,No,Month-to-month,Yes,Bank transfer (automatic),75.1,552.95,5514,0-12 Months,1,0.8305979911701994,1,83.06,High Risk,Contract upgrade + Security offer
2070-FNEXE,Female,Yes,No,Yes,7,Yes,No,Fiber optic,Yes,No,No,No,No,No,Month-to-month,No,Bank transfer (automatic),76.45,503.6,4419,0-12 Months,1,0.26311742333698745,0,26.31,Low Risk,Monitor
5803-NQJZO,Male,No,Yes,No,72,Yes,Yes,DSL,Yes,Yes,Yes,Yes,No,No,Two year,Yes,Bank transfer (automatic),67.8,4804.65,5242,49+ Months,0,0.033169119006121545,0,3.32,Low Risk,Monitor
5651-YLPRD,Female,No,Yes,Yes,32,Yes,No,Fiber optic,No,Yes,No,No,Yes,No,Month-to-month,Yes,Electronic check,86.1,2723.75,4970,25-48 Months,0,0.4168783965156028,0,41.69,Medium Risk,Monitor
1271-UODNO,Male,No,No,No,39,Yes,Yes,DSL,No,No,No,Yes,No,No,Two year,Yes,Credit card (automatic),53.85,2200.7,2380,25-48 Months,0,0.11010900992327273,0,11.01,Low Risk,Monitor
5014-WUQMG,Male,No,Yes,Yes,47,Yes,No,Fiber optic,Yes,Yes,Yes,No,No,Yes,One year,Yes,Electronic check,96.1,4391.45,5793,25-48 Months,0,0.13166008749203761,0,13.17,Low Risk,Monitor
5889-JTMUL,Female,Yes,Yes,No,50,Yes,Yes,Fiber optic,No,Yes,Yes,No,Yes,No,Month-to-month,Yes,Electronic check,95.05,4888.7,5863,49+ Months,1,0.757227184356364,1,75.72,High Risk,Contract upgrade + Security offer
0788-DXBFY,Male,No,Yes,No,58,Yes,No,No,No internet service,No internet service,No internet service,No internet service,No internet service,No internet service,One year,Yes,Electronic check,19.55,1108.8,4801,49+ Months,0,0.0708204244286225,0,7.08,Low Risk,Monitor
2669-QVCRG,Female,No,No,No,41,Yes,Yes,Fiber optic,Yes,No,No,No,No,No,Month-to-month,Yes,Credit card (automatic),81.3,3190.65,2299,25-48 Months,0,0.5036996343464015,0,50.37,Medium Risk,Monitor
6630-UJZMY,Female,Yes,Yes,No,4,Yes,Yes,Fiber optic,No,No,No,No,Yes,No,Month-to-month,Yes,Electronic check,83.25,308.05,5251,0-12 Months,0,0.9320545996654281,1,93.21,High Risk,Contract upgrade + Security offer
5061-PBXFW,Female,No,Yes,Yes,32,Yes,No,DSL,Yes,Yes,No,Yes,No,No,Month-to-month,No,Bank transfer (automatic),61.4,1864.65,2649,25-48 Months,0,0.05081483820656055,0,5.08,Low Risk,Monitor
2700-LUEVA,Male,No,No,No,1,Yes,No,No,No internet service,No internet service,No internet service,No internet service,No internet service,No internet service,Month-to-month,No,Credit card (automatic),20.75,20.75,2791,0-12 Months,0,0.4266272723941203,0,42.66,Medium Risk,Monitor
3865-ZFZIB,Male,No,No,No,19,Yes,No,No,No internet service,No internet service,No internet service,No internet service,No internet service,No internet service,Two year,No,Mailed check,19.65,358.15,5596,13-24 Months,0,0.08393274651160372,0,8.39,Low Risk,Monitor
0471-ARVMX,Female,Yes,Yes,No,62,Yes,Yes,Fiber optic,Yes,No,Yes,No,Yes,Yes,One year,Yes,Electronic check,104.85,6312.9,5061,49+ Months,0,0.5102625959104766,0,51.03,Medium Risk,Monitor
8985-OOPOS,Female,No,No,No,1,Yes,No,DSL,No,No,Yes,Yes,Yes,Yes,One year,No,Credit card (automatic),74.1,74.1,2900,0-12 Months,0,0.42667857901913475,0,42.67,Medium Risk,Monitor
0719-SYFRB,Female,No,No,No,12,Yes,Yes,DSL,Yes,No,Yes,Yes,No,No,Month-to-month,Yes,Mailed check,61.65,713.75,5670,0-12 Months,1,0.49493363698318243,0,49.49,Medium Risk,Monitor
0447-BEMNG,Female,No,Yes,No,48,No,No phone service,DSL,Yes,No,Yes,No,No,Yes,Month-to-month,Yes,Bank transfer (automatic),45.3,2145.0,4926,25-48 Months,1,0.39328496853926165,0,39.33,Low Risk,Monitor
5630-AHZIL,Female,No,No,Yes,3,Yes,No,DSL,Yes,No,No,Yes,No,Yes,Month-to-month,Yes,Bank transfer (automatic),64.5,177.4,5613,0-12 Months,0,0.20212591591775877,0,20.21,Low Risk,Monitor
2190-BCXEC,Female,No,Yes,No,40,Yes,Yes,Fiber optic,No,No,No,Yes,No,No,Month-to-month,Yes,Credit card (automatic),78.85,3126.85,5257,25-48 Months,0,0.6147835401028483,0,61.48,Medium Risk,Monitor
1559-DTODC,Male,No,No,No,19,No,No phone service,DSL,No,No,No,No,No,No,Month-to-month,Yes,Bank transfer (automatic),25.15,468.35,3784,13-24 Months,0,0.6403513331570526,1,64.04,High Risk,Contract upgrade + Security offer
3244-DCJWY,Female,No,No,No,1,Yes,No,Fiber optic,No,No,No,No,No,No,Month-to-month,Yes,Electronic check,70.25,70.25,4133,0-12 Months,1,0.8689012691526684,1,86.89,High Risk,Contract upgrade + Security offer
3967-VQOGC,Female,No,Yes,Yes,67,Yes,Yes,No,No internet service,No internet service,No internet service,No internet service,No internet service,No internet service,Two year,Yes,Mailed check,24.9,1680.25,5847,49+ Months,0,0.00516929340552942,0,0.52,Low Risk,Monitor
0265-PSUAE,Female,No,Yes,Yes,16,Yes,No,Fiber optic,Yes,No,Yes,No,Yes,Yes,Month-to-month,No,Bank transfer (automatic),100.7,1522.7,3337,13-24 Months,0,0.3463982298953969,0,34.64,Low Risk,Monitor
1622-HSHSF,Female,No,No,No,1,Yes,No,No,No internet service,No internet service,No internet service,No internet service,No internet service,No internet service,Month-to-month,Yes,Mailed check,19.55,19.55,5607,0-12 Months,0,0.5292065803520827,0,52.92,Medium Risk,Monitor
9867-XOBQA,Female,No,No,Yes,21,No,No phone service,DSL,Yes,Yes,Yes,Yes,Yes,No,Two year,No,Mailed check,53.15,1183.2,3461,13-24 Months,0,0.03145872168733857,0,3.15,Low Risk,Monitor
6773-LQTVT,Female,Yes,Yes,Yes,29,No,No phone service,DSL,No,Yes,Yes,No,No,No,Month-to-month,Yes,Mailed check,35.65,1025.15,4107,25-48 Months,0,0.2110656052512273,0,21.11,Low Risk,Monitor
4332-MUOEZ,Male,Yes,Yes,No,20,Yes,No,Fiber optic,Yes,No,Yes,Yes,No,Yes,One year,No,Credit card (automatic),94.3,1818.3,2574,13-24 Months,0,0.39428429200982934,0,39.43,Low Risk,Monitor
0023-XUOPT,Female,No,Yes,No,13,Yes,Yes,Fiber optic,No,Yes,Yes,No,Yes,No,Month-to-month,No,Electronic check,94.1,1215.6,2973,13-24 Months,1,0.8535450033100431,1,85.35,High Risk,Contract upgrade + Security offer
6543-CPZMK,Male,No,Yes,No,9,No,No phone service,DSL,No,Yes,No,No,No,No,Month-to-month,Yes,Electronic check,29.95,248.95,2573,0-12 Months,1,0.8216103239617801,1,82.16,High Risk,Contract upgrade + Security offer
6418-HNFED,Male,No,Yes,No,51,Yes,No,DSL,Yes,Yes,Yes,Yes,Yes,Yes,Two year,Yes,Credit card (automatic),83.25,4089.45,5340,49+ Months,0,0.08829709246406287,0,8.83,Low Risk,Monitor
1036-GUDCL,Male,No,Yes,Yes,60,Yes,No,DSL,Yes,Yes,No,Yes,Yes,Yes,Month-to-month,Yes,Credit card (automatic),79.05,4663.4,5275,49+ Months,0,0.05590635540105301,0,5.59,Low Risk,Monitor
4818-QIUFN,Female,Yes,No,No,20,Yes,Yes,Fiber optic,Yes,No,No,No,No,No,Month-to-month,Yes,Electronic check,79.15,1520.9,4997,13-24 Months,1,0.76896746699905,1,76.9,High Risk,Contract upgrade + Tech Support
0778-NELLA,Male,No,No,No,9,No,No phone service,DSL,No,No,No,No,Yes,No,Month-to-month,Yes,Credit card (automatic),34.7,296.1,5352,0-12 Months,1,0.7795388891021542,1,77.95,High Risk,Contract upgrade + Security offer
7495-OOKFY,Female,Yes,Yes,Yes,8,Yes,Yes,Fiber optic,No,Yes,No,No,No,No,Month-to-month,Yes,Credit card (automatic),80.65,633.3,5302,0-12 Months,1,0.5163801687145466,0,51.64,Medium Risk,Monitor
4737-HOBAX,Male,No,Yes,No,63,Yes,Yes,DSL,No,No,Yes,Yes,Yes,Yes,Two year,No,Credit card (automatic),79.8,5034.05,4073,49+ Months,0,0.0910450960646703,0,9.1,Low Risk,Monitor
7919-ZODZZ,Female,No,Yes,Yes,10,Yes,No,DSL,No,Yes,Yes,No,No,Yes,One year,Yes,Mailed check,65.9,660.05,5289,0-12 Months,0,0.1705906679037085,0,17.06,Low Risk,Monitor
2988-PLAHS,Female,No,No,No,3,Yes,No,DSL,No,No,Yes,No,Yes,Yes,One year,Yes,Electronic check,69.95,220.45,2754,0-12 Months,0,0.6674441140628299,1,66.74,High Risk,Promote Online Security
9067-SQTNS,Male,No,Yes,Yes,44,Yes,No,No,No internet service,No internet service,No internet service,No internet service,No internet service,No internet service,One year,No,Bank transfer (automatic),20.6,926.0,2471,25-48 Months,0,0.012927693234534155,0,1.29,Low Risk,Monitor
6483-OATDN,Male,No,Yes,Yes,8,Yes,No,DSL,Yes,No,No,No,No,No,Month-to-month,Yes,Credit card (automatic),51.3,411.6,2545,0-12 Months,0,0.2244575381466619,0,22.45,Low Risk,Monitor
5469-CTCWN,Male,No,Yes,No,61,Yes,Yes,Fiber optic,Yes,Yes,No,No,Yes,Yes,One year,Yes,Electronic check,106.0,6547.7,4334,49+ Months,1,0.5063417535031302,0,50.63,Medium Risk,Monitor
3524-WQDSG,Female,No,Yes,Yes,43,Yes,Yes,Fiber optic,No,No,Yes,No,Yes,Yes,Month-to-month,Yes,Bank transfer (automatic),99.3,4209.95,3280,25-48 Months,0,0.404804955575726,0,40.48,Medium Risk,Monitor
6968-URWQU,Male,No,Yes,No,43,Yes,No,DSL,No,No,No,No,Yes,No,One year,Yes,Mailed check,56.35,2391.15,4928,25-48 Months,0,0.270805021882839,0,27.08,Low Risk,Monitor
8601-QACRS,Female,No,No,No,5,Yes,Yes,DSL,No,No,No,No,No,No,Month-to-month,Yes,Mailed check,50.6,249.95,2353,0-12 Months,1,0.7097462581538458,1,70.97,High Risk,Contract upgrade + Security offer
8690-UPCZI,Male,No,Yes,Yes,29,Yes,Yes,DSL,Yes,No,No,Yes,Yes,No,One year,No,Bank transfer (automatic),69.05,1958.45,4459,25-48 Months,0,0.05507941953749157,0,5.51,Low Risk,Monitor
5331-RGMTT,Male,Yes,Yes,No,54,Yes,Yes,Fiber optic,No,No,Yes,No,Yes,Yes,Month-to-month,Yes,Credit card (automatic),99.05,5295.7,4011,49+ Months,0,0.7320917581895117,1,73.21,High Risk,Contract upgrade + Security offer
1357-BIJKI,Male,No,Yes,No,50,Yes,Yes,Fiber optic,No,Yes,No,No,Yes,Yes,One year,Yes,Electronic check,98.25,4858.7,5154,49+ Months,0,0.657476982567672,1,65.75,High Risk,Promote Online Security
2088-IEBAU,Female,No,No,No,68,Yes,Yes,DSL,Yes,Yes,Yes,Yes,Yes,Yes,Two year,Yes,Electronic check,88.15,6148.45,5531,49+ Months,0,0.08623634842125483,0,8.62,Low Risk,Monitor
0679-IDSTG,Female,Yes,Yes,No,1,Yes,No,Fiber optic,No,No,No,No,No,No,Month-to-month,Yes,Electronic check,69.25,69.25,4568,0-12 Months,1,0.9023636622622174,1,90.24,High Risk,Contract upgrade + Security offer
6519-ZHPXP,Female,No,Yes,Yes,72,Yes,No,Fiber optic,Yes,Yes,Yes,Yes,Yes,Yes,Two year,Yes,Bank transfer (automatic),108.3,7679.65,4183,49+ Months,0,0.027719348636424813,0,2.77,Low Risk,Monitor
2101-RANCD,Female,No,No,No,55,Yes,Yes,Fiber optic,No,No,No,No,No,No,Month-to-month,Yes,Electronic check,73.1,4144.9,5832,49+ Months,0,0.6128576097269633,0,61.29,Medium Risk,Monitor
4029-HPFVY,Male,No,No,No,3,Yes,No,Fiber optic,No,No,No,No,No,No,Month-to-month,Yes,Mailed check,70.3,220.4,4275,0-12 Months,0,0.8167047545611965,1,81.67,High Risk,Contract upgrade + Security offer
1015-OWJKI,Male,No,No,No,1,Yes,No,No,No internet service,No internet service,No internet service,No internet service,No internet service,No internet service,Month-to-month,No,Mailed check,19.05,19.05,5279,0-12 Months,0,0.45695581967682275,0,45.7,Medium Risk,Monitor
8314-HTWVE,Female,No,Yes,Yes,7,Yes,No,No,No internet service,No internet service,No internet service,No internet service,No internet service,No internet service,Two year,No,Mailed check,19.85,144.15,3973,0-12 Months,0,0.036861641262611974,0,3.69,Low Risk,Monitor
5357-TZHPP,Male,Yes,No,No,9,Yes,Yes,Fiber optic,No,No,No,No,No,Yes,Month-to-month,Yes,Credit card (automatic),84.4,732.5,5745,0-12 Months,1,0.860459209627129,1,86.05,High Risk,Contract upgrade + Security offer
8727-XDPUD,Male,No,No,No,37,No,No phone service,DSL,No,No,No,No,Yes,No,Two year,No,Credit card (automatic),35.8,1316.9,5658,25-48 Months,0,0.16478338523390432,0,16.48,Low Risk,Monitor
9073-ZZIAY,Male,No,Yes,No,62,Yes,No,DSL,Yes,Yes,Yes,Yes,Yes,Yes,Two year,No,Electronic check,86.1,5215.25,5769,49+ Months,0,0.07015720703395353,0,7.02,Low Risk,Monitor
5181-OABFK,Female,No,Yes,Yes,56,Yes,No,DSL,Yes,Yes,Yes,No,No,No,Two year,Yes,Credit card (automatic),61.3,3346.8,4173,49+ Months,0,0.0103786690480538,0,1.04,Low Risk,Monitor
3812-LRZIR,Female,No,Yes,Yes,27,Yes,Yes,No,No internet service,No internet service,No internet service,No internet service,No internet service,No internet service,Two year,No,Electronic check,24.5,761.95,2645,25-48 Months,0,0.028888512969753484,0,2.89,Low Risk,Monitor
5204-HMGYF,Female,No,Yes,Yes,49,Yes,No,DSL,Yes,Yes,Yes,Yes,Yes,Yes,One year,Yes,Mailed check,87.2,4345.0,4567,49+ Months,0,0.036924732493315654,0,3.69,Low Risk,Monitor
9950-MTGYX,Male,No,Yes,Yes,28,Yes,No,No,No internet service,No internet service,No internet service,No internet service,No internet service,No internet service,Two year,Yes,Credit card (automatic),20.3,487.95,2948,25-48 Months,0,0.01900582774995981,0,1.9,Low Risk,Monitor
3675-EQOZA,Male,No,No,No,5,Yes,No,No,No internet service,No internet service,No internet service,No internet service,No internet service,No internet service,Month-to-month,No,Bank transfer (automatic),20.65,93.55,5597,0-12 Months,0,0.3992771812324562,0,39.93,Low Risk,Monitor
3646-ITDGM,Female,No,No,No,56,Yes,No,No,No internet service,No internet service,No internet service,No internet service,No internet service,No internet service,Two year,No,Bank transfer (automatic),19.7,1051.9,4831,49+ Months,0,0.015899255495038983,0,1.59,Low Risk,Monitor
3913-FCUUW,Female,No,Yes,Yes,72,Yes,Yes,DSL,Yes,Yes,Yes,Yes,No,No,Two year,Yes,Bank transfer (automatic),70.45,5165.7,4463,49+ Months,0,0.006604219661204718,0,0.66,Low Risk,Monitor
